timestamp_s,frequency_hz,vin_dc_v,vout_dc_v,vin_ac_v,vout_ac_v,psrr_db,psrr_i32,status,error_code,error_source,severity
0.0,10.0,5.0,3.3,0.1,0.000232,-52.69,-53,False,0,OK,NORMAL
0.1,10.07,5.0,3.3,0.1,0.000106,-59.51,-60,False,0,OK,NORMAL
0.2,10.14,5.0,3.3,0.1,0.000123,-58.23,-58,False,0,OK,NORMAL
0.3,10.21,5.0,3.3,0.1,0.000189,-54.46,-54,False,0,OK,NORMAL
0.4,10.28,5.0,3.3,0.1,0.000116,-58.68,-59,False,0,OK,NORMAL
0.5,10.35,5.0,3.3,0.1,0.000383,-48.34,-48,False,0,OK,NORMAL
0.6,10.42,5.0,3.3,0.1,0.000141,-57.0,-57,False,0,OK,NORMAL
0.7,10.5,5.0,3.3,0.1,0.000165,-55.66,-56,False,0,OK,NORMAL
0.8,10.57,5.0,3.3,0.1,0.000238,-52.49,-52,False,0,OK,NORMAL
0.9,10.64,5.0,3.3,0.1,0.000389,-48.2,-48,False,0,OK,NORMAL
1.0,10.72,5.0,3.3,0.1,0.000416,-47.63,-48,False,0,OK,NORMAL
1.1,10.79,5.0,3.3,0.1,5.2e-05,-65.65,-66,False,0,OK,NORMAL
1.2,10.87,5.0,3.3,0.1,0.000308,-50.23,-50,False,0,OK,NORMAL
1.3,10.94,5.0,3.3,0.1,0.000139,-57.15,-57,False,0,OK,NORMAL
1.4,11.02,5.0,3.3,0.1,4e-05,-67.92,-68,False,0,OK,NORMAL
1.5,11.09,5.0,3.3,0.1,9.3e-05,-60.67,-61,False,0,OK,NORMAL
1.6,11.17,5.0,3.3,0.1,0.00013,-57.75,-58,False,0,OK,NORMAL
1.7,11.25,5.0,3.3,0.1,0.000265,-51.53,-52,False,0,OK,NORMAL
1.8,11.33,5.0,3.3,0.1,0.000259,-51.74,-52,False,0,OK,NORMAL
1.9,11.4,5.0,3.3,0.1,0.000405,-47.85,-48,False,0,OK,NORMAL
2.0,11.48,5.0,3.3,0.1,9.9e-05,-60.06,-60,False,0,OK,NORMAL
2.1,11.56,5.0,3.3,0.1,0.000156,-56.15,-56,False,0,OK,NORMAL
2.2,11.64,5.0,3.3,0.1,0.00018,-54.89,-55,False,0,OK,NORMAL
2.3,11.72,5.0,3.3,0.1,0.000121,-58.33,-58,False,0,OK,NORMAL
2.4,11.81,5.0,3.3,0.1,0.000131,-57.68,-58,False,0,OK,NORMAL
2.5,11.89,5.0,3.3,0.1,0.000123,-58.22,-58,False,0,OK,NORMAL
2.6,11.97,5.0,3.3,0.1,0.000141,-57.03,-57,False,0,OK,NORMAL
2.7,12.05,5.0,3.3,0.1,7.8e-05,-62.2,-62,False,0,OK,NORMAL
2.8,12.14,5.0,3.3,0.1,0.000229,-52.78,-53,False,0,OK,NORMAL
2.9,12.22,5.0,3.3,0.1,0.000163,-55.77,-56,False,0,OK,NORMAL
3.0,12.31,5.0,3.3,0.1,7e-05,-63.12,-63,False,0,OK,NORMAL
3.1,12.39,5.0,3.3,0.1,0.000277,-51.16,-51,False,0,OK,NORMAL
3.2,12.48,5.0,3.3,0.1,0.000125,-58.09,-58,False,0,OK,NORMAL
3.3,12.56,5.0,3.3,0.1,5.7e-05,-64.86,-65,False,0,OK,NORMAL
3.4,12.65,5.0,3.3,0.1,0.000313,-50.08,-50,False,0,OK,NORMAL
3.5,12.74,5.0,3.3,0.1,7.6e-05,-62.34,-62,False,0,OK,NORMAL
3.6,12.83,5.0,3.3,0.1,0.000471,-46.54,-47,False,0,OK,NORMAL
3.7,12.92,5.0,3.3,0.1,0.000102,-59.85,-60,False,0,OK,NORMAL
3.8,13.01,5.0,3.3,0.1,9.8e-05,-60.2,-60,False,0,OK,NORMAL
3.9,13.1,5.0,3.3,0.1,0.000255,-51.88,-52,False,0,OK,NORMAL
4.0,13.19,5.0,3.3,0.1,0.000233,-52.65,-53,False,0,OK,NORMAL
4.1,13.28,5.0,3.3,0.1,0.000102,-59.85,-60,False,0,OK,NORMAL
4.2,13.37,5.0,3.3,0.1,0.000179,-54.93,-55,False,0,OK,NORMAL
4.3,13.46,5.0,3.3,0.1,7.9e-05,-62.03,-62,False,0,OK,NORMAL
4.4,13.56,5.0,3.3,0.1,0.000146,-56.7,-57,False,0,OK,NORMAL
4.5,13.65,5.0,3.3,0.1,9e-05,-60.91,-61,False,0,OK,NORMAL
4.6,13.74,5.0,3.3,0.1,0.00014,-57.08,-57,False,0,OK,NORMAL
4.7,13.84,5.0,3.3,0.1,0.000155,-56.22,-56,False,0,OK,NORMAL
4.8,13.94,5.0,3.3,0.1,5.5e-05,-65.25,-65,False,0,OK,NORMAL
4.9,14.03,5.0,3.3,0.1,8.1e-05,-61.85,-62,False,0,OK,NORMAL
5.0,14.13,5.0,3.3,0.1,9.9e-05,-60.12,-60,False,0,OK,NORMAL
5.1,14.23,5.0,3.3,0.1,5.5e-05,-65.22,-65,False,0,OK,NORMAL
5.2,14.33,5.0,3.3,0.1,0.000378,-48.45,-48,False,0,OK,NORMAL
5.3,14.43,5.0,3.3,0.1,0.000174,-55.2,-55,False,0,OK,NORMAL
5.4,14.53,5.0,3.3,0.1,0.000116,-58.71,-59,False,0,OK,NORMAL
5.5,14.63,5.0,3.3,0.1,0.000328,-49.69,-50,False,0,OK,NORMAL
5.6,14.73,5.0,3.3,0.1,0.000143,-56.86,-57,False,0,OK,NORMAL
5.7,14.83,5.0,3.3,0.1,0.000247,-52.15,-52,False,0,OK,NORMAL
5.8,14.93,5.0,3.3,0.1,0.000321,-49.87,-50,False,0,OK,NORMAL
5.9,15.04,5.0,3.3,0.1,0.000165,-55.66,-56,False,0,OK,NORMAL
6.0,15.14,5.0,3.3,0.1,0.000106,-59.46,-59,False,0,OK,NORMAL
6.1,15.25,5.0,3.3,0.1,0.000217,-53.26,-53,False,0,OK,NORMAL
6.2,15.35,5.0,3.3,0.1,9.8e-05,-60.21,-60,False,0,OK,NORMAL
6.3,15.46,5.0,3.3,0.1,0.000238,-52.48,-52,False,0,OK,NORMAL
6.4,15.57,5.0,3.3,0.1,0.000103,-59.72,-60,False,0,OK,NORMAL
6.5,15.67,5.0,3.3,0.1,0.000128,-57.85,-58,False,0,OK,NORMAL
6.6,15.78,5.0,3.3,0.1,0.00027,-51.39,-51,False,0,OK,NORMAL
6.7,15.89,5.0,3.3,0.1,0.000229,-52.81,-53,False,0,OK,NORMAL
6.8,16.0,5.0,3.3,0.1,0.000202,-53.88,-54,False,0,OK,NORMAL
6.9,16.11,5.0,3.3,0.1,6.7e-05,-63.45,-63,False,0,OK,NORMAL
7.0,16.23,5.0,3.3,0.1,5.4e-05,-65.38,-65,False,0,OK,NORMAL
7.1,16.34,5.0,3.3,0.1,0.000219,-53.17,-53,False,0,OK,NORMAL
7.2,16.45,5.0,3.3,0.1,0.000107,-59.45,-59,False,0,OK,NORMAL
7.3,16.57,5.0,3.3,0.1,7.7e-05,-62.33,-62,False,0,OK,NORMAL
7.4,16.68,5.0,3.3,0.1,5.5e-05,-65.23,-65,False,0,OK,NORMAL
7.5,16.8,5.0,3.3,0.1,0.000367,-48.71,-49,False,0,OK,NORMAL
7.6,16.91,5.0,3.3,0.1,0.000193,-54.29,-54,False,0,OK,NORMAL
7.7,17.03,5.0,3.3,0.1,0.00024,-52.39,-52,False,0,OK,NORMAL
7.8,17.15,5.0,3.3,0.1,8.4e-05,-61.49,-61,False,0,OK,NORMAL
7.9,17.27,5.0,3.3,0.1,0.000275,-51.21,-51,False,0,OK,NORMAL
8.0,17.39,5.0,3.3,0.1,0.000123,-58.17,-58,False,0,OK,NORMAL
8.1,17.51,5.0,3.3,0.1,5.5e-05,-65.21,-65,False,0,OK,NORMAL
8.2,17.63,5.0,3.3,0.1,4.6e-05,-66.8,-67,False,0,OK,NORMAL
8.3,17.75,5.0,3.3,0.1,0.000132,-57.58,-58,False,0,OK,NORMAL
8.4,17.88,5.0,3.3,0.1,0.000243,-52.3,-52,False,0,OK,NORMAL
8.5,18.0,5.0,3.3,0.1,0.000155,-56.17,-56,False,0,OK,NORMAL
8.6,18.12,5.0,3.3,0.1,0.000198,-54.08,-54,False,0,OK,NORMAL
8.7,18.25,5.0,3.3,0.1,0.000263,-51.6,-52,False,0,OK,NORMAL
8.8,18.38,5.0,3.3,0.1,0.000267,-51.46,-51,False,0,OK,NORMAL
8.9,18.5,5.0,3.3,0.1,0.000193,-54.28,-54,False,0,OK,NORMAL
9.0,18.63,5.0,3.3,0.1,0.00055,-45.2,-45,False,0,OK,NORMAL
9.1,18.76,5.0,3.3,0.1,0.000457,-46.8,-47,False,0,OK,NORMAL
9.2,18.89,5.0,3.3,0.1,9.3e-05,-60.63,-61,False,0,OK,NORMAL
9.3,19.02,5.0,3.3,0.1,7.7e-05,-62.25,-62,False,0,OK,NORMAL
9.4,19.16,5.0,3.3,0.1,0.000131,-57.66,-58,False,0,OK,NORMAL
9.5,19.29,5.0,3.3,0.1,0.000131,-57.68,-58,False,0,OK,NORMAL
9.6,19.42,5.0,3.3,0.1,4e-05,-67.86,-68,False,0,OK,NORMAL
9.7,19.56,5.0,3.3,0.1,0.000424,-47.46,-47,False,0,OK,NORMAL
9.8,19.69,5.0,3.3,0.1,5.4e-05,-65.32,-65,False,0,OK,NORMAL
9.9,19.83,5.0,3.3,0.1,8.7e-05,-61.25,-61,False,0,OK,NORMAL
10.0,19.97,5.0,3.3,0.1,0.000229,-52.81,-53,False,0,OK,NORMAL
10.1,20.1,5.0,3.3,0.1,0.000224,-53.0,-53,False,0,OK,NORMAL
10.2,20.24,5.0,3.3,0.1,0.000266,-51.51,-52,False,0,OK,NORMAL
10.3,20.38,5.0,3.3,0.1,0.000142,-56.92,-57,False,0,OK,NORMAL
10.4,20.53,5.0,3.3,0.1,0.000164,-55.68,-56,False,0,OK,NORMAL
10.5,20.67,5.0,3.3,0.1,0.000176,-55.07,-55,False,0,OK,NORMAL
10.6,20.81,5.0,3.3,0.1,0.000512,-45.82,-46,False,0,OK,NORMAL
10.7,20.96,5.0,3.3,0.1,0.000223,-53.02,-53,False,0,OK,NORMAL
10.8,21.1,5.0,3.3,0.1,0.000324,-49.78,-50,False,0,OK,NORMAL
10.9,21.25,5.0,3.3,0.1,0.000121,-58.32,-58,False,0,OK,NORMAL
11.0,21.4,5.0,3.3,0.1,0.000135,-57.38,-57,False,0,OK,NORMAL
11.1,21.54,5.0,3.3,0.1,0.000173,-55.24,-55,False,0,OK,NORMAL
11.2,21.69,5.0,3.3,0.1,9.3e-05,-60.65,-61,False,0,OK,NORMAL
11.3,21.84,5.0,3.3,0.1,7.1e-05,-62.98,-63,False,0,OK,NORMAL
11.4,22.0,5.0,3.3,0.1,0.000243,-52.3,-52,False,0,OK,NORMAL
11.5,22.15,5.0,3.3,0.1,0.000629,-44.03,-44,False,0,OK,NORMAL
11.6,22.3,5.0,3.3,0.1,0.000319,-49.92,-50,False,0,OK,NORMAL
11.7,22.46,5.0,3.3,0.1,0.000197,-54.1,-54,False,0,OK,NORMAL
11.8,22.61,5.0,3.3,0.1,9.1e-05,-60.79,-61,False,0,OK,NORMAL
11.9,22.77,5.0,3.3,0.1,8.3e-05,-61.63,-62,False,0,OK,NORMAL
12.0,22.93,5.0,3.3,0.1,0.000175,-55.12,-55,False,0,OK,NORMAL
12.1,23.09,5.0,3.3,0.1,7.2e-05,-62.87,-63,False,0,OK,NORMAL
12.2,23.25,5.0,3.3,0.1,0.0001,-60.03,-60,False,0,OK,NORMAL
12.3,23.41,5.0,3.3,0.1,0.000143,-56.87,-57,False,0,OK,NORMAL
12.4,23.57,5.0,3.3,0.1,0.000101,-59.9,-60,False,0,OK,NORMAL
12.5,23.73,5.0,3.3,0.1,0.000219,-53.18,-53,False,0,OK,NORMAL
12.6,23.9,5.0,3.3,0.1,0.000383,-48.35,-48,False,0,OK,NORMAL
12.7,24.06,5.0,3.3,0.1,0.000244,-52.26,-52,False,0,OK,NORMAL
12.8,24.23,5.0,3.3,0.1,0.000191,-54.38,-54,False,0,OK,NORMAL
12.9,24.4,5.0,3.3,0.1,3.2e-05,-69.82,-70,False,0,OK,NORMAL
13.0,24.57,5.0,3.3,0.1,0.000235,-52.58,-53,False,0,OK,NORMAL
13.1,24.74,5.0,3.3,0.1,0.000318,-49.95,-50,False,0,OK,NORMAL
13.2,24.91,5.0,3.3,0.1,0.000108,-59.32,-59,False,0,OK,NORMAL
13.3,25.08,5.0,3.3,0.1,5.4e-05,-65.39,-65,False,0,OK,NORMAL
13.4,25.26,5.0,3.3,0.1,0.000333,-49.55,-50,False,0,OK,NORMAL
13.5,25.43,5.0,3.3,0.1,0.000127,-57.94,-58,False,0,OK,NORMAL
13.6,25.61,5.0,3.3,0.1,8.8e-05,-61.16,-61,False,0,OK,NORMAL
13.7,25.79,5.0,3.3,0.1,0.000184,-54.71,-55,False,0,OK,NORMAL
13.8,25.97,5.0,3.3,0.1,0.000128,-57.85,-58,False,0,OK,NORMAL
13.9,26.15,5.0,3.3,0.1,0.000411,-47.72,-48,False,0,OK,NORMAL
14.0,26.33,5.0,3.3,0.1,0.000123,-58.18,-58,False,0,OK,NORMAL
14.1,26.51,5.0,3.3,0.1,0.000201,-53.95,-54,False,0,OK,NORMAL
14.2,26.69,5.0,3.3,0.1,5.2e-05,-65.73,-66,False,0,OK,NORMAL
14.3,26.88,5.0,3.3,0.1,5.5e-05,-65.14,-65,False,0,OK,NORMAL
14.4,27.07,5.0,3.3,0.1,0.000256,-51.83,-52,False,0,OK,NORMAL
14.5,27.25,5.0,3.3,0.1,4.4e-05,-67.22,-67,False,0,OK,NORMAL
14.6,27.44,5.0,3.3,0.1,0.000221,-53.11,-53,False,0,OK,NORMAL
14.7,27.63,5.0,3.3,0.1,0.001212,-38.33,-38,False,0,OK,NORMAL
14.8,27.83,5.0,3.3,0.1,0.000107,-59.43,-59,False,0,OK,NORMAL
14.9,28.02,5.0,3.3,0.1,0.000134,-57.48,-57,False,0,OK,NORMAL
15.0,28.21,5.0,3.3,0.1,0.000229,-52.8,-53,False,0,OK,NORMAL
15.1,28.41,5.0,3.3,0.1,0.000239,-52.42,-52,False,0,OK,NORMAL
15.2,28.61,5.0,3.3,0.1,0.000228,-52.84,-53,False,0,OK,NORMAL
15.3,28.8,5.0,3.3,0.1,0.000146,-56.74,-57,False,0,OK,NORMAL
15.4,29.0,5.0,3.3,0.1,0.00028,-51.06,-51,False,0,OK,NORMAL
15.5,29.21,5.0,3.3,0.1,7.9e-05,-62.02,-62,False,0,OK,NORMAL
15.6,29.41,5.0,3.3,0.1,0.000251,-51.99,-52,False,0,OK,NORMAL
15.7,29.61,5.0,3.3,0.1,0.000162,-55.8,-56,False,0,OK,NORMAL
15.8,29.82,5.0,3.3,0.1,0.000109,-59.26,-59,False,0,OK,NORMAL
15.9,30.02,5.0,3.3,0.1,0.000124,-58.1,-58,False,0,OK,NORMAL
16.0,30.23,5.0,3.3,0.1,0.000361,-48.85,-49,False,0,OK,NORMAL
16.1,30.44,5.0,3.3,0.1,0.000193,-54.3,-54,False,0,OK,NORMAL
16.2,30.65,5.0,3.3,0.1,0.000219,-53.2,-53,False,0,OK,NORMAL
16.3,30.87,5.0,3.3,0.1,0.000104,-59.7,-60,False,0,OK,NORMAL
16.4,31.08,5.0,3.3,0.1,0.000107,-59.45,-59,False,0,OK,NORMAL
16.5,31.3,5.0,3.3,0.1,0.00021,-53.54,-54,False,0,OK,NORMAL
16.6,31.51,5.0,3.3,0.1,3.6e-05,-68.91,-69,False,0,OK,NORMAL
16.7,31.73,5.0,3.3,0.1,2.7e-05,-71.27,-71,False,0,OK,NORMAL
16.8,31.95,5.0,3.3,0.1,0.000422,-47.5,-48,False,0,OK,NORMAL
16.9,32.17,5.0,3.3,0.1,0.000325,-49.77,-50,False,0,OK,NORMAL
17.0,32.4,5.0,3.3,0.1,8.7e-05,-61.23,-61,False,0,OK,NORMAL
17.1,32.62,5.0,3.3,0.1,0.000333,-49.56,-50,False,0,OK,NORMAL
17.2,32.85,5.0,3.3,0.1,0.000304,-50.35,-50,False,0,OK,NORMAL
17.3,33.08,5.0,3.3,0.1,4.7e-05,-66.56,-67,False,0,OK,NORMAL
17.4,33.31,5.0,3.3,0.1,0.000154,-56.23,-56,False,0,OK,NORMAL
17.5,33.54,5.0,3.3,0.1,0.000143,-56.91,-57,False,0,OK,NORMAL
17.6,33.77,5.0,3.3,0.1,0.000217,-53.25,-53,False,0,OK,NORMAL
17.7,34.0,5.0,3.3,0.1,0.000232,-52.7,-53,False,0,OK,NORMAL
17.8,34.24,5.0,3.3,0.1,0.000192,-54.35,-54,False,0,OK,NORMAL
17.9,34.48,5.0,3.3,0.1,0.000163,-55.76,-56,False,0,OK,NORMAL
18.0,34.72,5.0,3.3,0.1,0.000164,-55.71,-56,False,0,OK,NORMAL
18.1,34.96,5.0,3.3,0.1,0.000163,-55.77,-56,False,0,OK,NORMAL
18.2,35.2,5.0,3.3,0.1,5.8e-05,-64.7,-65,False,0,OK,NORMAL
18.3,35.44,5.0,3.3,0.1,0.000187,-54.58,-55,False,0,OK,NORMAL
18.4,35.69,5.0,3.3,0.1,0.000291,-50.72,-51,False,0,OK,NORMAL
18.5,35.94,5.0,3.3,0.1,0.000293,-50.66,-51,False,0,OK,NORMAL
18.6,36.19,5.0,3.3,0.1,0.000128,-57.83,-58,False,0,OK,NORMAL
18.7,36.44,5.0,3.3,0.1,0.000245,-52.21,-52,False,0,OK,NORMAL
18.8,36.69,5.0,3.3,0.1,4.1e-05,-67.74,-68,False,0,OK,NORMAL
18.9,36.95,5.0,3.3,0.1,0.000304,-50.34,-50,False,0,OK,NORMAL
19.0,37.2,5.0,3.3,0.1,0.000228,-52.83,-53,False,0,OK,NORMAL
19.1,37.46,5.0,3.3,0.1,5.7e-05,-64.93,-65,False,0,OK,NORMAL
19.2,37.72,5.0,3.3,0.1,0.000119,-58.5,-59,False,0,OK,NORMAL
19.3,37.98,5.0,3.3,0.1,0.00015,-56.47,-56,False,0,OK,NORMAL
19.4,38.25,5.0,3.3,0.1,7.5e-05,-62.54,-63,False,0,OK,NORMAL
19.5,38.51,5.0,3.3,0.1,0.000635,-43.95,-44,False,0,OK,NORMAL
19.6,38.78,5.0,3.3,0.1,0.000125,-58.06,-58,False,0,OK,NORMAL
19.7,39.05,5.0,3.3,0.1,0.000113,-58.92,-59,False,0,OK,NORMAL
19.8,39.32,5.0,3.3,0.1,8.8e-05,-61.14,-61,False,0,OK,NORMAL
19.9,39.59,5.0,3.3,0.1,8.9e-05,-61.04,-61,False,0,OK,NORMAL
20.0,39.87,5.0,3.3,0.1,1.9e-05,-74.2,-74,False,0,OK,NORMAL
20.1,40.14,5.0,3.3,0.1,0.000123,-58.21,-58,False,0,OK,NORMAL
20.2,40.42,5.0,3.3,0.1,0.000326,-49.74,-50,False,0,OK,NORMAL
20.3,40.7,5.0,3.3,0.1,9.1e-05,-60.83,-61,False,0,OK,NORMAL
20.4,40.98,5.0,3.3,0.1,0.000225,-52.97,-53,False,0,OK,NORMAL
20.5,41.27,5.0,3.3,0.1,6e-05,-64.45,-64,False,0,OK,NORMAL
20.6,41.55,5.0,3.3,0.1,7.6e-05,-62.37,-62,False,0,OK,NORMAL
20.7,41.84,5.0,3.3,0.1,0.000134,-57.48,-57,False,0,OK,NORMAL
20.8,42.13,5.0,3.3,0.1,3.4e-05,-69.46,-69,False,0,OK,NORMAL
20.9,42.43,5.0,3.3,0.1,0.000192,-54.32,-54,False,0,OK,NORMAL
21.0,42.72,5.0,3.3,0.1,0.000174,-55.19,-55,False,0,OK,NORMAL
21.1,43.02,5.0,3.3,0.1,0.00015,-56.51,-57,False,0,OK,NORMAL
21.2,43.31,5.0,3.3,0.1,0.000245,-52.21,-52,False,0,OK,NORMAL
21.3,43.62,5.0,3.3,0.1,0.000238,-52.47,-52,False,0,OK,NORMAL
21.4,43.92,5.0,3.3,0.1,0.00341,-29.34,-29,True,1001,PSRR_WARNING_BelowThreshold,WARNING
21.5,44.22,5.0,3.3,0.1,0.000219,-53.19,-53,False,0,OK,NORMAL
21.6,44.53,5.0,3.3,0.1,0.000158,-56.02,-56,False,0,OK,NORMAL
21.7,44.84,5.0,3.3,0.1,0.000322,-49.85,-50,False,0,OK,NORMAL
21.8,45.15,5.0,3.3,0.1,0.000218,-53.21,-53,False,0,OK,NORMAL
21.9,45.46,5.0,3.3,0.1,6.8e-05,-63.31,-63,False,0,OK,NORMAL
22.0,45.78,5.0,3.3,0.1,8e-05,-61.96,-62,False,0,OK,NORMAL
22.1,46.1,5.0,3.3,0.1,0.000125,-58.09,-58,False,0,OK,NORMAL
22.2,46.42,5.0,3.3,0.1,0.000214,-53.4,-53,False,0,OK,NORMAL
22.3,46.74,5.0,3.3,0.1,0.000164,-55.71,-56,False,0,OK,NORMAL
22.4,47.06,5.0,3.3,0.1,0.000157,-56.08,-56,False,0,OK,NORMAL
22.5,47.39,5.0,3.3,0.1,7.6e-05,-62.42,-62,False,0,OK,NORMAL
22.6,47.72,5.0,3.3,0.1,0.000185,-54.66,-55,False,0,OK,NORMAL
22.7,48.05,5.0,3.3,0.1,6.7e-05,-63.46,-63,False,0,OK,NORMAL
22.8,48.38,5.0,3.3,0.1,0.000403,-47.9,-48,False,0,OK,NORMAL
22.9,48.72,5.0,3.3,0.1,0.000219,-53.2,-53,False,0,OK,NORMAL
23.0,49.06,5.0,3.3,0.1,0.000102,-59.83,-60,False,0,OK,NORMAL
23.1,49.4,5.0,3.3,0.1,0.000394,-48.09,-48,False,0,OK,NORMAL
23.2,49.74,5.0,3.3,0.1,0.000112,-59.01,-59,False,0,OK,NORMAL
23.3,50.08,5.0,3.3,0.1,7.4e-05,-62.65,-63,False,0,OK,NORMAL
23.4,50.43,5.0,3.3,0.1,0.000225,-52.96,-53,False,0,OK,NORMAL
23.5,50.78,5.0,3.3,0.1,0.000123,-58.21,-58,False,0,OK,NORMAL
23.6,51.13,5.0,3.3,0.1,0.000323,-49.8,-50,False,0,OK,NORMAL
23.7,51.49,5.0,3.3,0.1,0.000353,-49.05,-49,False,0,OK,NORMAL
23.8,51.85,5.0,3.3,0.1,8.2e-05,-61.69,-62,False,0,OK,NORMAL
23.9,52.21,5.0,3.3,0.1,8.7e-05,-61.22,-61,False,0,OK,NORMAL
24.0,52.57,5.0,3.3,0.1,0.000123,-58.22,-58,False,0,OK,NORMAL
24.1,52.93,5.0,3.3,0.1,0.000805,-41.88,-42,False,0,OK,NORMAL
24.2,53.3,5.0,3.3,0.1,7.4e-05,-62.61,-63,False,0,OK,NORMAL
24.3,53.67,5.0,3.3,0.1,0.000169,-55.43,-55,False,0,OK,NORMAL
24.4,54.04,5.0,3.3,0.1,0.00015,-56.47,-56,False,0,OK,NORMAL
24.5,54.42,5.0,3.3,0.1,4.8e-05,-66.46,-66,False,0,OK,NORMAL
24.6,54.79,5.0,3.3,0.1,6.6e-05,-63.62,-64,False,0,OK,NORMAL
24.7,55.17,5.0,3.3,0.1,0.000232,-52.7,-53,False,0,OK,NORMAL
24.8,55.56,5.0,3.3,0.1,0.000138,-57.2,-57,False,0,OK,NORMAL
24.9,55.94,5.0,3.3,0.1,0.000119,-58.51,-59,False,0,OK,NORMAL
25.0,56.33,5.0,3.3,0.1,0.000141,-57.01,-57,False,0,OK,NORMAL
25.1,56.72,5.0,3.3,0.1,0.000282,-51.0,-51,False,0,OK,NORMAL
25.2,57.12,5.0,3.3,0.1,4.4e-05,-67.13,-67,False,0,OK,NORMAL
25.3,57.51,5.0,3.3,0.1,3.2e-05,-69.95,-70,False,0,OK,NORMAL
25.4,57.91,5.0,3.3,0.1,0.000406,-47.82,-48,False,0,OK,NORMAL
25.5,58.31,5.0,3.3,0.1,0.00038,-48.41,-48,False,0,OK,NORMAL
25.6,58.72,5.0,3.3,0.1,0.000232,-52.7,-53,False,0,OK,NORMAL
25.7,59.13,5.0,3.3,0.1,0.000324,-49.79,-50,False,0,OK,NORMAL
25.8,59.54,5.0,3.3,0.1,0.000108,-59.3,-59,False,0,OK,NORMAL
25.9,59.95,5.0,3.3,0.1,8e-05,-61.96,-62,False,0,OK,NORMAL
26.0,60.36,5.0,3.3,0.1,0.000118,-58.56,-59,False,0,OK,NORMAL
26.1,60.78,5.0,3.3,0.1,0.000401,-47.93,-48,False,0,OK,NORMAL
26.2,61.2,5.0,3.3,0.1,0.000645,-43.8,-44,False,0,OK,NORMAL
26.3,61.63,5.0,3.3,0.1,0.000167,-55.56,-56,False,0,OK,NORMAL
26.4,62.06,5.0,3.3,0.1,8.4e-05,-61.51,-62,False,0,OK,NORMAL
26.5,62.49,5.0,3.3,0.1,0.000124,-58.14,-58,False,0,OK,NORMAL
26.6,62.92,5.0,3.3,0.1,0.000408,-47.79,-48,False,0,OK,NORMAL
26.7,63.36,5.0,3.3,0.1,0.000187,-54.55,-55,False,0,OK,NORMAL
26.8,63.8,5.0,3.3,0.1,0.000168,-55.51,-56,False,0,OK,NORMAL
26.9,64.24,5.0,3.3,0.1,0.000244,-52.24,-52,False,0,OK,NORMAL
27.0,64.69,5.0,3.3,0.1,8.3e-05,-61.63,-62,False,0,OK,NORMAL
27.1,65.13,5.0,3.3,0.1,4.8e-05,-66.34,-66,False,0,OK,NORMAL
27.2,65.59,5.0,3.3,0.1,0.000171,-55.33,-55,False,0,OK,NORMAL
27.3,66.04,5.0,3.3,0.1,0.000221,-53.13,-53,False,0,OK,NORMAL
27.4,66.5,5.0,3.3,0.1,5.9e-05,-64.59,-65,False,0,OK,NORMAL
27.5,66.96,5.0,3.3,0.1,0.000206,-53.73,-54,False,0,OK,NORMAL
27.6,67.43,5.0,3.3,0.1,2.7e-05,-71.43,-71,False,0,OK,NORMAL
27.7,67.89,5.0,3.3,0.1,0.000308,-50.23,-50,False,0,OK,NORMAL
27.8,68.37,5.0,3.3,0.1,0.000371,-48.62,-49,False,0,OK,NORMAL
27.9,68.84,5.0,3.3,0.1,0.000539,-45.37,-45,False,0,OK,NORMAL
28.0,69.32,5.0,3.3,0.1,6.7e-05,-63.5,-63,False,0,OK,NORMAL
28.1,69.8,5.0,3.3,0.1,0.000115,-58.8,-59,False,0,OK,NORMAL
28.2,70.28,5.0,3.3,0.1,7.2e-05,-62.88,-63,False,0,OK,NORMAL
28.3,70.77,5.0,3.3,0.1,3.4e-05,-69.5,-69,False,0,OK,NORMAL
28.4,71.26,5.0,3.3,0.1,0.000279,-51.08,-51,False,0,OK,NORMAL
28.5,71.76,5.0,3.3,0.1,0.001518,-36.37,-36,False,0,OK,NORMAL
28.6,72.25,5.0,3.3,0.1,4e-05,-68.05,-68,False,0,OK,NORMAL
28.7,72.75,5.0,3.3,0.1,0.000188,-54.52,-55,False,0,OK,NORMAL
28.8,73.26,5.0,3.3,0.1,0.000122,-58.3,-58,False,0,OK,NORMAL
28.9,73.77,5.0,3.3,0.1,9e-05,-60.94,-61,False,0,OK,NORMAL
29.0,74.28,5.0,3.3,0.1,3.3e-05,-69.68,-70,False,0,OK,NORMAL
29.1,74.8,5.0,3.3,0.1,0.000131,-57.65,-58,False,0,OK,NORMAL
29.2,75.31,5.0,3.3,0.1,8.9e-05,-61.01,-61,False,0,OK,NORMAL
29.3,75.84,5.0,3.3,0.1,6.6e-05,-63.65,-64,False,0,OK,NORMAL
29.4,76.36,5.0,3.3,0.1,0.000121,-58.36,-58,False,0,OK,NORMAL
29.5,76.89,5.0,3.3,0.1,0.000216,-53.29,-53,False,0,OK,NORMAL
29.6,77.43,5.0,3.3,0.1,0.000205,-53.78,-54,False,0,OK,NORMAL
29.7,77.96,5.0,3.3,0.1,0.00023,-52.78,-53,False,0,OK,NORMAL
29.8,78.5,5.0,3.3,0.1,0.000222,-53.06,-53,False,0,OK,NORMAL
29.9,79.05,5.0,3.3,0.1,6.2e-05,-64.18,-64,False,0,OK,NORMAL
30.0,79.6,5.0,3.3,0.1,0.000167,-55.55,-56,False,0,OK,NORMAL
30.1,80.15,5.0,3.3,0.1,0.000153,-56.28,-56,False,0,OK,NORMAL
30.2,80.71,5.0,3.3,0.1,0.000212,-53.46,-53,False,0,OK,NORMAL
30.3,81.27,5.0,3.3,0.1,0.001955,-34.18,-34,True,1001,PSRR_WARNING_BelowThreshold,WARNING
30.4,81.83,5.0,3.3,0.1,0.000113,-58.98,-59,False,0,OK,NORMAL
30.5,82.4,5.0,3.3,0.1,9.5e-05,-60.44,-60,False,0,OK,NORMAL
30.6,82.97,5.0,3.3,0.1,0.000186,-54.63,-55,False,0,OK,NORMAL
30.7,83.55,5.0,3.3,0.1,6.9e-05,-63.23,-63,False,0,OK,NORMAL
30.8,84.12,5.0,3.3,0.1,0.000537,-45.4,-45,False,0,OK,NORMAL
30.9,84.71,5.0,3.3,0.1,0.000222,-53.06,-53,False,0,OK,NORMAL
31.0,85.3,5.0,3.3,0.1,0.000275,-51.22,-51,False,0,OK,NORMAL
31.1,85.89,5.0,3.3,0.1,7.8e-05,-62.13,-62,False,0,OK,NORMAL
31.2,86.48,5.0,3.3,0.1,0.000162,-55.82,-56,False,0,OK,NORMAL
31.3,87.08,5.0,3.3,0.1,0.000666,-43.53,-44,False,0,OK,NORMAL
31.4,87.69,5.0,3.3,0.1,5.3e-05,-65.48,-65,False,0,OK,NORMAL
31.5,88.3,5.0,3.3,0.1,4.6e-05,-66.84,-67,False,0,OK,NORMAL
31.6,88.91,5.0,3.3,0.1,0.000314,-50.05,-50,False,0,OK,NORMAL
31.7,89.53,5.0,3.3,0.1,4.6e-05,-66.71,-67,False,0,OK,NORMAL
31.8,90.15,5.0,3.3,0.1,0.000115,-58.79,-59,False,0,OK,NORMAL
31.9,90.77,5.0,3.3,0.1,0.000165,-55.64,-56,False,0,OK,NORMAL
32.0,91.4,5.0,3.3,0.1,0.000531,-45.5,-45,False,0,OK,NORMAL
32.1,92.04,5.0,3.3,0.1,0.000335,-49.51,-50,False,0,OK,NORMAL
32.2,92.68,5.0,3.3,0.1,0.000217,-53.27,-53,False,0,OK,NORMAL
32.3,93.32,5.0,3.3,0.1,5.8e-05,-64.73,-65,False,0,OK,NORMAL
32.4,93.97,5.0,3.3,0.1,0.000159,-55.97,-56,False,0,OK,NORMAL
32.5,94.62,5.0,3.3,0.1,0.000241,-52.36,-52,False,0,OK,NORMAL
32.6,95.28,5.0,3.3,0.1,7.5e-05,-62.47,-62,False,0,OK,NORMAL
32.7,95.94,5.0,3.3,0.1,0.000219,-53.18,-53,False,0,OK,NORMAL
32.8,96.6,5.0,3.3,0.1,0.000162,-55.83,-56,False,0,OK,NORMAL
32.9,97.27,5.0,3.3,0.1,0.000348,-49.16,-49,False,0,OK,NORMAL
33.0,97.95,5.0,3.3,0.1,0.00019,-54.43,-54,False,0,OK,NORMAL
33.1,98.63,5.0,3.3,0.1,0.000285,-50.89,-51,False,0,OK,NORMAL
33.2,99.31,5.0,3.3,0.1,0.00037,-48.64,-49,False,0,OK,NORMAL
33.3,100.0,5.0,3.3,0.1,0.000105,-59.56,-60,False,0,OK,NORMAL
33.4,100.69,5.0,3.3,0.1,0.000161,-55.86,-56,False,0,OK,NORMAL
33.5,101.39,5.0,3.3,0.1,0.000594,-44.52,-45,False,0,OK,NORMAL
33.6,102.1,5.0,3.3,0.1,8.4e-05,-61.5,-62,False,0,OK,NORMAL
33.7,102.8,5.0,3.3,0.1,3e-05,-70.56,-71,False,0,OK,NORMAL
33.8,103.52,5.0,3.3,0.1,4.2e-05,-67.63,-68,False,0,OK,NORMAL
33.9,104.24,5.0,3.3,0.1,0.000507,-45.9,-46,False,0,OK,NORMAL
34.0,104.96,5.0,3.3,0.1,0.000171,-55.36,-55,False,0,OK,NORMAL
34.1,105.69,5.0,3.3,0.1,7e-05,-63.09,-63,False,0,OK,NORMAL
34.2,106.42,5.0,3.3,0.1,3.3e-05,-69.65,-70,False,0,OK,NORMAL
34.3,107.16,5.0,3.3,0.1,0.000138,-57.21,-57,False,0,OK,NORMAL
34.4,107.9,5.0,3.3,0.1,0.00012,-58.41,-58,False,0,OK,NORMAL
34.5,108.65,5.0,3.3,0.1,0.00036,-48.88,-49,False,0,OK,NORMAL
34.6,109.41,5.0,3.3,0.1,8.2e-05,-61.72,-62,False,0,OK,NORMAL
34.7,110.16,5.0,3.3,0.1,0.000168,-55.51,-56,False,0,OK,NORMAL
34.8,110.93,5.0,3.3,0.1,9.4e-05,-60.5,-61,False,0,OK,NORMAL
34.9,111.7,5.0,3.3,0.1,4.1e-05,-67.79,-68,False,0,OK,NORMAL
35.0,112.47,5.0,3.3,0.1,0.000144,-56.85,-57,False,0,OK,NORMAL
35.1,113.25,5.0,3.3,0.1,0.00016,-55.89,-56,False,0,OK,NORMAL
35.2,114.04,5.0,3.3,0.1,7.3e-05,-62.75,-63,False,0,OK,NORMAL
35.3,114.83,5.0,3.3,0.1,5.3e-05,-65.49,-65,False,0,OK,NORMAL
35.4,115.63,5.0,3.3,0.1,0.000881,-41.1,-41,False,0,OK,NORMAL
35.5,116.43,5.0,3.3,0.1,0.000294,-50.63,-51,False,0,OK,NORMAL
35.6,117.24,5.0,3.3,0.1,0.000278,-51.13,-51,False,0,OK,NORMAL
35.7,118.05,5.0,3.3,0.1,5.6e-05,-65.04,-65,False,0,OK,NORMAL
35.8,118.87,5.0,3.3,0.1,7.5e-05,-62.47,-62,False,0,OK,NORMAL
35.9,119.7,5.0,3.3,0.1,8.5e-05,-61.37,-61,False,0,OK,NORMAL
36.0,120.53,5.0,3.3,0.1,0.000325,-49.75,-50,False,0,OK,NORMAL
36.1,121.36,5.0,3.3,0.1,0.000205,-53.78,-54,False,0,OK,NORMAL
36.2,122.2,5.0,3.3,0.1,0.000168,-55.52,-56,False,0,OK,NORMAL
36.3,123.05,5.0,3.3,0.1,0.000487,-46.25,-46,False,0,OK,NORMAL
36.4,123.91,5.0,3.3,0.1,5e-05,-66.07,-66,False,0,OK,NORMAL
36.5,124.77,5.0,3.3,0.1,0.000109,-59.25,-59,False,0,OK,NORMAL
36.6,125.63,5.0,3.3,0.1,0.000125,-58.07,-58,False,0,OK,NORMAL
36.7,126.5,5.0,3.3,0.1,0.000198,-54.07,-54,False,0,OK,NORMAL
36.8,127.38,5.0,3.3,0.1,4.1e-05,-67.79,-68,False,0,OK,NORMAL
36.9,128.26,5.0,3.3,0.1,0.000133,-57.51,-58,False,0,OK,NORMAL
37.0,129.15,5.0,3.3,0.1,0.000182,-54.81,-55,False,0,OK,NORMAL
37.1,130.05,5.0,3.3,0.1,0.000121,-58.33,-58,False,0,OK,NORMAL
37.2,130.95,5.0,3.3,0.1,0.000287,-50.85,-51,False,0,OK,NORMAL
37.3,131.86,5.0,3.3,0.1,9.2e-05,-60.73,-61,False,0,OK,NORMAL
37.4,132.78,5.0,3.3,0.1,0.000171,-55.36,-55,False,0,OK,NORMAL
37.5,133.7,5.0,3.3,0.1,9e-05,-60.95,-61,False,0,OK,NORMAL
37.6,134.63,5.0,3.3,0.1,9.5e-05,-60.41,-60,False,0,OK,NORMAL
37.7,135.56,5.0,3.3,0.1,0.000124,-58.13,-58,False,0,OK,NORMAL
37.8,136.5,5.0,3.3,0.1,0.000162,-55.81,-56,False,0,OK,NORMAL
37.9,137.45,5.0,3.3,0.1,0.0001,-59.96,-60,False,0,OK,NORMAL
38.0,138.4,5.0,3.3,0.1,0.000365,-48.76,-49,False,0,OK,NORMAL
38.1,139.36,5.0,3.3,0.1,6.6e-05,-63.61,-64,False,0,OK,NORMAL
38.2,140.33,5.0,3.3,0.1,2.7e-05,-71.31,-71,False,0,OK,NORMAL
38.3,141.3,5.0,3.3,0.1,0.00012,-58.39,-58,False,0,OK,NORMAL
38.4,142.28,5.0,3.3,0.1,0.000121,-58.37,-58,False,0,OK,NORMAL
38.5,143.27,5.0,3.3,0.1,0.000261,-51.67,-52,False,0,OK,NORMAL
38.6,144.26,5.0,3.3,0.1,0.000243,-52.29,-52,False,0,OK,NORMAL
38.7,145.27,5.0,3.3,0.1,5.7e-05,-64.81,-65,False,0,OK,NORMAL
38.8,146.27,5.0,3.3,0.1,0.000215,-53.37,-53,False,0,OK,NORMAL
38.9,147.29,5.0,3.3,0.1,0.000332,-49.57,-50,False,0,OK,NORMAL
39.0,148.31,5.0,3.3,0.1,9.6e-05,-60.37,-60,False,0,OK,NORMAL
39.1,149.34,5.0,3.3,0.1,0.000232,-52.7,-53,False,0,OK,NORMAL
39.2,150.38,5.0,3.3,0.1,0.000315,-50.03,-50,False,0,OK,NORMAL
39.3,151.42,5.0,3.3,0.1,0.000328,-49.68,-50,False,0,OK,NORMAL
39.4,152.47,5.0,3.3,0.1,0.000161,-55.86,-56,False,0,OK,NORMAL
39.5,153.53,5.0,3.3,0.1,0.000171,-55.33,-55,False,0,OK,NORMAL
39.6,154.59,5.0,3.3,0.1,0.000138,-57.18,-57,False,0,OK,NORMAL
39.7,155.67,5.0,3.3,0.1,0.000586,-44.65,-45,False,0,OK,NORMAL
39.8,156.75,5.0,3.3,0.1,1.8e-05,-75.13,-75,False,0,OK,NORMAL
39.9,157.83,5.0,3.3,0.1,3.4e-05,-69.48,-69,False,0,OK,NORMAL
40.0,158.93,5.0,3.3,0.1,0.000188,-54.54,-55,False,0,OK,NORMAL
40.1,160.03,5.0,3.3,0.1,5.1e-05,-65.88,-66,False,0,OK,NORMAL
40.2,161.14,5.0,3.3,0.1,0.000222,-53.08,-53,False,0,OK,NORMAL
40.3,162.26,5.0,3.3,0.1,0.000118,-58.58,-59,False,0,OK,NORMAL
40.4,163.39,5.0,3.3,0.1,4.2e-05,-67.57,-68,False,0,OK,NORMAL
40.5,164.52,5.0,3.3,0.1,0.000276,-51.17,-51,False,0,OK,NORMAL
40.6,165.66,5.0,3.3,0.1,0.000303,-50.38,-50,False,0,OK,NORMAL
40.7,166.81,5.0,3.3,0.1,0.000226,-52.9,-53,False,0,OK,NORMAL
40.8,167.97,5.0,3.3,0.1,0.000153,-56.28,-56,False,0,OK,NORMAL
40.9,169.13,5.0,3.3,0.1,9e-05,-60.9,-61,False,0,OK,NORMAL
41.0,170.31,5.0,3.3,0.1,0.000229,-52.81,-53,False,0,OK,NORMAL
41.1,171.49,5.0,3.3,0.1,0.000202,-53.9,-54,False,0,OK,NORMAL
41.2,172.68,5.0,3.3,0.1,2.9e-05,-70.64,-71,False,0,OK,NORMAL
41.3,173.88,5.0,3.3,0.1,6.9e-05,-63.26,-63,False,0,OK,NORMAL
41.4,175.08,5.0,3.3,0.1,0.000126,-57.98,-58,False,0,OK,NORMAL
41.5,176.3,5.0,3.3,0.1,0.000379,-48.43,-48,False,0,OK,NORMAL
41.6,177.52,5.0,3.3,0.1,6.3e-05,-64.08,-64,False,0,OK,NORMAL
41.7,178.75,5.0,3.3,0.1,0.000208,-53.64,-54,False,0,OK,NORMAL
41.8,179.99,5.0,3.3,0.1,0.000241,-52.37,-52,False,0,OK,NORMAL
41.9,181.24,5.0,3.3,0.1,0.000104,-59.66,-60,False,0,OK,NORMAL
42.0,182.5,5.0,3.3,0.1,1.6e-05,-75.67,-76,False,0,OK,NORMAL
42.1,183.77,5.0,3.3,0.1,0.000118,-58.6,-59,False,0,OK,NORMAL
42.2,185.04,5.0,3.3,0.1,7.1e-05,-62.92,-63,False,0,OK,NORMAL
42.3,186.32,5.0,3.3,0.1,0.00017,-55.4,-55,False,0,OK,NORMAL
42.4,187.62,5.0,3.3,0.1,0.000321,-49.88,-50,False,0,OK,NORMAL
42.5,188.92,5.0,3.3,0.1,0.000193,-54.27,-54,False,0,OK,NORMAL
42.6,190.23,5.0,3.3,0.1,0.000199,-54.01,-54,False,0,OK,NORMAL
42.7,191.55,5.0,3.3,0.1,0.000207,-53.7,-54,False,0,OK,NORMAL
42.8,192.88,5.0,3.3,0.1,2.4e-05,-72.5,-72,False,0,OK,NORMAL
42.9,194.22,5.0,3.3,0.1,0.000121,-58.35,-58,False,0,OK,NORMAL
43.0,195.57,5.0,3.3,0.1,9.8e-05,-60.14,-60,False,0,OK,NORMAL
43.1,196.92,5.0,3.3,0.1,3.6e-05,-68.9,-69,False,0,OK,NORMAL
43.2,198.29,5.0,3.3,0.1,0.000144,-56.85,-57,False,0,OK,NORMAL
43.3,199.66,5.0,3.3,0.1,0.000227,-52.9,-53,False,0,OK,NORMAL
43.4,201.05,5.0,3.3,0.1,0.000512,-45.81,-46,False,0,OK,NORMAL
43.5,202.44,5.0,3.3,0.1,0.000103,-59.77,-60,False,0,OK,NORMAL
43.6,203.85,5.0,3.3,0.1,7.9e-05,-62.1,-62,False,0,OK,NORMAL
43.7,205.26,5.0,3.3,0.1,0.000369,-48.65,-49,False,0,OK,NORMAL
43.8,206.69,5.0,3.3,0.1,0.000181,-54.87,-55,False,0,OK,NORMAL
43.9,208.12,5.0,3.3,0.1,0.000332,-49.59,-50,False,0,OK,NORMAL
44.0,209.57,5.0,3.3,0.1,0.000251,-52.02,-52,False,0,OK,NORMAL
44.1,211.02,5.0,3.3,0.1,0.000255,-51.86,-52,False,0,OK,NORMAL
44.2,212.48,5.0,3.3,0.1,0.000121,-58.37,-58,False,0,OK,NORMAL
44.3,213.96,5.0,3.3,0.1,0.00052,-45.69,-46,False,0,OK,NORMAL
44.4,215.44,5.0,3.3,0.1,0.000368,-48.69,-49,False,0,OK,NORMAL
44.5,216.94,5.0,3.3,0.1,9.4e-05,-60.5,-60,False,0,OK,NORMAL
44.6,218.44,5.0,3.3,0.1,0.0002,-53.97,-54,False,0,OK,NORMAL
44.7,219.96,5.0,3.3,0.1,6.5e-05,-63.73,-64,False,0,OK,NORMAL
44.8,221.49,5.0,3.3,0.1,4.5e-05,-66.98,-67,False,0,OK,NORMAL
44.9,223.02,5.0,3.3,0.1,0.000225,-52.97,-53,False,0,OK,NORMAL
45.0,224.57,5.0,3.3,0.1,0.000177,-55.04,-55,False,0,OK,NORMAL
45.1,226.13,5.0,3.3,0.1,0.000202,-53.91,-54,False,0,OK,NORMAL
45.2,227.7,5.0,3.3,0.1,0.000228,-52.83,-53,False,0,OK,NORMAL
45.3,229.28,5.0,3.3,0.1,0.000195,-54.22,-54,False,0,OK,NORMAL
45.4,230.87,5.0,3.3,0.1,3.3e-05,-69.55,-70,False,0,OK,NORMAL
45.5,232.47,5.0,3.3,0.1,6.2e-05,-64.17,-64,False,0,OK,NORMAL
45.6,234.08,5.0,3.3,0.1,0.000273,-51.28,-51,False,0,OK,NORMAL
45.7,235.71,5.0,3.3,0.1,5.8e-05,-64.76,-65,False,0,OK,NORMAL
45.8,237.34,5.0,3.3,0.1,0.000154,-56.23,-56,False,0,OK,NORMAL
45.9,238.99,5.0,3.3,0.1,8.2e-05,-61.7,-62,False,0,OK,NORMAL
46.0,240.65,5.0,3.3,0.1,7.8e-05,-62.2,-62,False,0,OK,NORMAL
46.1,242.32,5.0,3.3,0.1,0.000121,-58.34,-58,False,0,OK,NORMAL
46.2,244.0,5.0,3.3,0.1,0.000233,-52.67,-53,False,0,OK,NORMAL
46.3,245.69,5.0,3.3,0.1,0.000357,-48.95,-49,False,0,OK,NORMAL
46.4,247.4,5.0,3.3,0.1,7.1e-05,-63.03,-63,False,0,OK,NORMAL
46.5,249.11,5.0,3.3,0.1,2.2e-05,-73.31,-73,False,0,OK,NORMAL
46.6,250.84,5.0,3.3,0.1,0.000177,-55.04,-55,False,0,OK,NORMAL
46.7,252.58,5.0,3.3,0.1,0.000114,-58.85,-59,False,0,OK,NORMAL
46.8,254.33,5.0,3.3,0.1,3.7e-05,-68.61,-69,False,0,OK,NORMAL
46.9,256.1,5.0,3.3,0.1,4.3e-05,-67.41,-67,False,0,OK,NORMAL
47.0,257.88,5.0,3.3,0.1,1.8e-05,-75.01,-75,False,0,OK,NORMAL
47.1,259.67,5.0,3.3,0.1,7.2e-05,-62.91,-63,False,0,OK,NORMAL
47.2,261.47,5.0,3.3,0.1,0.000131,-57.65,-58,False,0,OK,NORMAL
47.3,263.28,5.0,3.3,0.1,0.000175,-55.12,-55,False,0,OK,NORMAL
47.4,265.11,5.0,3.3,0.1,3.6e-05,-68.94,-69,False,0,OK,NORMAL
47.5,266.95,5.0,3.3,0.1,0.000193,-54.27,-54,False,0,OK,NORMAL
47.6,268.8,5.0,3.3,0.1,0.000272,-51.31,-51,False,0,OK,NORMAL
47.7,270.67,5.0,3.3,0.1,0.00036,-48.87,-49,False,0,OK,NORMAL
47.8,272.54,5.0,3.3,0.1,0.000507,-45.9,-46,False,0,OK,NORMAL
47.9,274.43,5.0,3.3,0.1,0.000176,-55.07,-55,False,0,OK,NORMAL
48.0,276.34,5.0,3.3,0.1,6e-06,-84.8,-85,False,0,OK,NORMAL
48.1,278.26,5.0,3.3,0.1,8.4e-05,-61.55,-62,False,0,OK,NORMAL
48.2,280.19,5.0,3.3,0.1,0.000252,-51.99,-52,False,0,OK,NORMAL
48.3,282.13,5.0,3.3,0.1,5.1e-05,-65.79,-66,False,0,OK,NORMAL
48.4,284.09,5.0,3.3,0.1,0.000217,-53.28,-53,False,0,OK,NORMAL
48.5,286.06,5.0,3.3,0.1,5.7e-05,-64.93,-65,False,0,OK,NORMAL
48.6,288.04,5.0,3.3,0.1,0.00018,-54.91,-55,False,0,OK,NORMAL
48.7,290.04,5.0,3.3,0.1,7.2e-05,-62.8,-63,False,0,OK,NORMAL
48.8,292.06,5.0,3.3,0.1,1.3e-05,-77.4,-77,False,0,OK,NORMAL
48.9,294.08,5.0,3.3,0.1,4.6e-05,-66.8,-67,False,0,OK,NORMAL
49.0,296.12,5.0,3.3,0.1,5e-05,-65.97,-66,False,0,OK,NORMAL
49.1,298.18,5.0,3.3,0.1,0.000141,-57.0,-57,False,0,OK,NORMAL
49.2,300.25,5.0,3.3,0.1,0.000194,-54.23,-54,False,0,OK,NORMAL
49.3,302.33,5.0,3.3,0.1,6.8e-05,-63.39,-63,False,0,OK,NORMAL
49.4,304.43,5.0,3.3,0.1,0.000217,-53.28,-53,False,0,OK,NORMAL
49.5,306.54,5.0,3.3,0.1,8.1e-05,-61.86,-62,False,0,OK,NORMAL
49.6,308.67,5.0,3.3,0.1,0.000115,-58.82,-59,False,0,OK,NORMAL
49.7,310.81,5.0,3.3,0.1,0.000242,-52.32,-52,False,0,OK,NORMAL
49.8,312.96,5.0,3.3,0.1,9.6e-05,-60.39,-60,False,0,OK,NORMAL
49.9,315.14,5.0,3.3,0.1,0.000327,-49.7,-50,False,0,OK,NORMAL
50.0,317.32,5.0,3.3,0.1,2.2e-05,-73.13,-73,False,0,OK,NORMAL
50.1,319.52,5.0,3.3,0.1,1.6e-05,-76.18,-76,False,0,OK,NORMAL
50.2,321.74,5.0,3.3,0.1,0.000136,-57.3,-57,False,0,OK,NORMAL
50.3,323.97,5.0,3.3,0.1,0.000167,-55.54,-56,False,0,OK,NORMAL
50.4,326.22,5.0,3.3,0.1,2.8e-05,-71.19,-71,False,0,OK,NORMAL
50.5,328.49,5.0,3.3,0.1,2.1e-05,-73.36,-73,False,0,OK,NORMAL
50.6,330.76,5.0,3.3,0.1,4.7e-05,-66.55,-67,False,0,OK,NORMAL
50.7,333.06,5.0,3.3,0.1,0.000166,-55.61,-56,False,0,OK,NORMAL
50.8,335.37,5.0,3.3,0.1,8.2e-05,-61.75,-62,False,0,OK,NORMAL
50.9,337.7,5.0,3.3,0.1,6.7e-05,-63.44,-63,False,0,OK,NORMAL
51.0,340.04,5.0,3.3,0.1,3.2e-05,-69.84,-70,False,0,OK,NORMAL
51.1,342.4,5.0,3.3,0.1,5e-05,-66.04,-66,False,0,OK,NORMAL
51.2,344.78,5.0,3.3,0.1,4.7e-05,-66.5,-66,False,0,OK,NORMAL
51.3,347.17,5.0,3.3,0.1,0.000147,-56.64,-57,False,0,OK,NORMAL
51.4,349.58,5.0,3.3,0.1,0.000131,-57.63,-58,False,0,OK,NORMAL
51.5,352.0,5.0,3.3,0.1,2.6e-05,-71.77,-72,False,0,OK,NORMAL
51.6,354.45,5.0,3.3,0.1,9.3e-05,-60.67,-61,False,0,OK,NORMAL
51.7,356.9,5.0,3.3,0.1,7.2e-05,-62.85,-63,False,0,OK,NORMAL
51.8,359.38,5.0,3.3,0.1,4.4e-05,-67.11,-67,False,0,OK,NORMAL
51.9,361.87,5.0,3.3,0.1,4.5e-05,-66.91,-67,False,0,OK,NORMAL
52.0,364.39,5.0,3.3,0.1,3e-05,-70.38,-70,False,0,OK,NORMAL
52.1,366.91,5.0,3.3,0.1,5.4e-05,-65.38,-65,False,0,OK,NORMAL
52.2,369.46,5.0,3.3,0.1,9.8e-05,-60.15,-60,False,0,OK,NORMAL
52.3,372.02,5.0,3.3,0.1,0.00019,-54.44,-54,False,0,OK,NORMAL
52.4,374.61,5.0,3.3,0.1,0.000215,-53.34,-53,False,0,OK,NORMAL
52.5,377.2,5.0,3.3,0.1,4.9e-05,-66.28,-66,False,0,OK,NORMAL
52.6,379.82,5.0,3.3,0.1,5.9e-05,-64.59,-65,False,0,OK,NORMAL
52.7,382.46,5.0,3.3,0.1,1.8e-05,-74.98,-75,False,0,OK,NORMAL
52.8,385.11,5.0,3.3,0.1,2.6e-05,-71.71,-72,False,0,OK,NORMAL
52.9,387.78,5.0,3.3,0.1,7e-06,-83.15,-83,False,0,OK,NORMAL
53.0,390.47,5.0,3.3,0.1,0.000313,-50.1,-50,False,0,OK,NORMAL
53.1,393.18,5.0,3.3,0.1,3.2e-05,-69.92,-70,False,0,OK,NORMAL
53.2,395.91,5.0,3.3,0.1,9.4e-05,-60.51,-61,False,0,OK,NORMAL
53.3,398.66,5.0,3.3,0.1,9e-05,-60.91,-61,False,0,OK,NORMAL
53.4,401.42,5.0,3.3,0.1,0.000474,-46.49,-46,False,0,OK,NORMAL
53.5,404.21,5.0,3.3,0.1,0.000136,-57.35,-57,False,0,OK,NORMAL
53.6,407.01,5.0,3.3,0.1,0.000468,-46.59,-47,False,0,OK,NORMAL
53.7,409.84,5.0,3.3,0.1,5.1e-05,-65.84,-66,False,0,OK,NORMAL
53.8,412.68,5.0,3.3,0.1,2.3e-05,-72.69,-73,False,0,OK,NORMAL
53.9,415.55,5.0,3.3,0.1,0.000873,-41.18,-41,False,0,OK,NORMAL
54.0,418.43,5.0,3.3,0.1,6e-05,-64.41,-64,False,0,OK,NORMAL
54.1,421.33,5.0,3.3,0.1,1.5e-05,-76.76,-77,False,0,OK,NORMAL
54.2,424.26,5.0,3.3,0.1,4e-06,-88.37,-88,False,0,OK,NORMAL
54.3,427.2,5.0,3.3,0.1,2.7e-05,-71.29,-71,False,0,OK,NORMAL
54.4,430.16,5.0,3.3,0.1,5.1e-05,-65.9,-66,False,0,OK,NORMAL
54.5,433.15,5.0,3.3,0.1,1.8e-05,-74.99,-75,False,0,OK,NORMAL
54.6,436.15,5.0,3.3,0.1,4.5e-05,-66.94,-67,False,0,OK,NORMAL
54.7,439.18,5.0,3.3,0.1,1.9e-05,-74.25,-74,False,0,OK,NORMAL
54.8,442.23,5.0,3.3,0.1,3.5e-05,-69.14,-69,False,0,OK,NORMAL
54.9,445.3,5.0,3.3,0.1,4.3e-05,-67.33,-67,False,0,OK,NORMAL
55.0,448.39,5.0,3.3,0.1,0.000142,-56.94,-57,False,0,OK,NORMAL
55.1,451.5,5.0,3.3,0.1,4.1e-05,-67.73,-68,False,0,OK,NORMAL
55.2,454.63,5.0,3.3,0.1,0.000112,-58.98,-59,False,0,OK,NORMAL
55.3,457.78,5.0,3.3,0.1,3.9e-05,-68.2,-68,False,0,OK,NORMAL
55.4,460.96,5.0,3.3,0.1,6.3e-05,-63.98,-64,False,0,OK,NORMAL
55.5,464.16,5.0,3.3,0.1,6.3e-05,-63.95,-64,False,0,OK,NORMAL
55.6,467.38,5.0,3.3,0.1,9.9e-05,-60.12,-60,False,0,OK,NORMAL
55.7,470.62,5.0,3.3,0.1,0.000254,-51.9,-52,False,0,OK,NORMAL
55.8,473.89,5.0,3.3,0.1,0.000104,-59.64,-60,False,0,OK,NORMAL
55.9,477.18,5.0,3.3,0.1,3.5e-05,-69.13,-69,False,0,OK,NORMAL
56.0,480.49,5.0,3.3,0.1,0.000161,-55.89,-56,False,0,OK,NORMAL
56.1,483.82,5.0,3.3,0.1,8.8e-05,-61.12,-61,False,0,OK,NORMAL
56.2,487.18,5.0,3.3,0.1,3.4e-05,-69.48,-69,False,0,OK,NORMAL
56.3,490.56,5.0,3.3,0.1,0.000139,-57.15,-57,False,0,OK,NORMAL
56.4,493.96,5.0,3.3,0.1,0.000121,-58.33,-58,False,0,OK,NORMAL
56.5,497.39,5.0,3.3,0.1,7.1e-05,-62.99,-63,False,0,OK,NORMAL
56.6,500.84,5.0,3.3,0.1,0.000335,-49.49,-49,False,0,OK,NORMAL
56.7,504.32,5.0,3.3,0.1,6.8e-05,-63.4,-63,False,0,OK,NORMAL
56.8,507.82,5.0,3.3,0.1,0.000139,-57.12,-57,False,0,OK,NORMAL
56.9,511.34,5.0,3.3,0.1,4.6e-05,-66.75,-67,False,0,OK,NORMAL
57.0,514.89,5.0,3.3,0.1,9e-06,-80.75,-81,False,0,OK,NORMAL
57.1,518.46,5.0,3.3,0.1,0.00032,-49.88,-50,False,0,OK,NORMAL
57.2,522.06,5.0,3.3,0.1,6.1e-05,-64.32,-64,False,0,OK,NORMAL
57.3,525.68,5.0,3.3,0.1,0.000106,-59.47,-59,False,0,OK,NORMAL
57.4,529.33,5.0,3.3,0.1,1.3e-05,-77.86,-78,False,0,OK,NORMAL
57.5,533.0,5.0,3.3,0.1,2e-06,-95.21,-95,False,0,OK,NORMAL
57.6,536.7,5.0,3.3,0.1,2.3e-05,-72.78,-73,False,0,OK,NORMAL
57.7,540.42,5.0,3.3,0.1,3.4e-05,-69.39,-69,False,0,OK,NORMAL
57.8,544.17,5.0,3.3,0.1,4.6e-05,-66.76,-67,False,0,OK,NORMAL
57.9,547.95,5.0,3.3,0.1,0.000124,-58.1,-58,False,0,OK,NORMAL
58.0,551.75,5.0,3.3,0.1,0.000196,-54.17,-54,False,0,OK,NORMAL
58.1,555.58,5.0,3.3,0.1,2.6e-05,-71.86,-72,False,0,OK,NORMAL
58.2,559.43,5.0,3.3,0.1,3.5e-05,-69.24,-69,False,0,OK,NORMAL
58.3,563.31,5.0,3.3,0.1,0.000348,-49.16,-49,False,0,OK,NORMAL
58.4,567.22,5.0,3.3,0.1,0.000173,-55.23,-55,False,0,OK,NORMAL
58.5,571.16,5.0,3.3,0.1,1.1e-05,-79.09,-79,False,0,OK,NORMAL
58.6,575.12,5.0,3.3,0.1,0.000212,-53.46,-53,False,0,OK,NORMAL
58.7,579.11,5.0,3.3,0.1,1.9e-05,-74.33,-74,False,0,OK,NORMAL
58.8,583.13,5.0,3.3,0.1,7e-06,-83.14,-83,False,0,OK,NORMAL
58.9,587.18,5.0,3.3,0.1,0.000168,-55.48,-55,False,0,OK,NORMAL
59.0,591.25,5.0,3.3,0.1,2.2e-05,-73.29,-73,False,0,OK,NORMAL
59.1,595.35,5.0,3.3,0.1,3.3e-05,-69.53,-70,False,0,OK,NORMAL
59.2,599.48,5.0,3.3,0.1,0.000157,-56.1,-56,False,0,OK,NORMAL
59.3,603.64,5.0,3.3,0.1,0.00027,-51.36,-51,False,0,OK,NORMAL
59.4,607.83,5.0,3.3,0.1,4.7e-05,-66.61,-67,False,0,OK,NORMAL
59.5,612.05,5.0,3.3,0.1,5.8e-05,-64.78,-65,False,0,OK,NORMAL
59.6,616.3,5.0,3.3,0.1,7.4e-05,-62.66,-63,False,0,OK,NORMAL
59.7,620.57,5.0,3.3,0.1,0.000152,-56.35,-56,False,0,OK,NORMAL
59.8,624.88,5.0,3.3,0.1,0.0005,-46.03,-46,False,0,OK,NORMAL
59.9,629.21,5.0,3.3,0.1,3.5e-05,-69.15,-69,False,0,OK,NORMAL
60.0,633.58,5.0,3.3,0.1,2.9e-05,-70.9,-71,False,0,OK,NORMAL
60.1,637.98,5.0,3.3,0.1,0.000117,-58.65,-59,False,0,OK,NORMAL
60.2,642.4,5.0,3.3,0.1,1.5e-05,-76.28,-76,False,0,OK,NORMAL
60.3,646.86,5.0,3.3,0.1,5.2e-05,-65.61,-66,False,0,OK,NORMAL
60.4,651.35,5.0,3.3,0.1,1.5e-05,-76.73,-77,False,0,OK,NORMAL
60.5,655.87,5.0,3.3,0.1,9.3e-05,-60.6,-61,False,0,OK,NORMAL
60.6,660.42,5.0,3.3,0.1,1.1e-05,-78.87,-79,False,0,OK,NORMAL
60.7,665.0,5.0,3.3,0.1,6.6e-05,-63.67,-64,False,0,OK,NORMAL
60.8,669.62,5.0,3.3,0.1,1.6e-05,-75.87,-76,False,0,OK,NORMAL
60.9,674.26,5.0,3.3,0.1,2.7e-05,-71.22,-71,False,0,OK,NORMAL
61.0,678.94,5.0,3.3,0.1,7e-05,-63.15,-63,False,0,OK,NORMAL
61.1,683.65,5.0,3.3,0.1,5e-06,-86.92,-87,False,0,OK,NORMAL
61.2,688.4,5.0,3.3,0.1,1.7e-05,-75.37,-75,False,0,OK,NORMAL
61.3,693.17,5.0,3.3,0.1,0.00013,-57.72,-58,False,0,OK,NORMAL
61.4,697.98,5.0,3.3,0.1,7.8e-05,-62.12,-62,False,0,OK,NORMAL
61.5,702.82,5.0,3.3,0.1,0.000173,-55.23,-55,False,0,OK,NORMAL
61.6,707.7,5.0,3.3,0.1,5.2e-05,-65.76,-66,False,0,OK,NORMAL
61.7,712.61,5.0,3.3,0.1,0.000253,-51.92,-52,False,0,OK,NORMAL
61.8,717.56,5.0,3.3,0.1,1.6e-05,-75.69,-76,False,0,OK,NORMAL
61.9,722.53,5.0,3.3,0.1,5e-06,-86.42,-86,False,0,OK,NORMAL
62.0,727.55,5.0,3.3,0.1,2.8e-05,-71.21,-71,False,0,OK,NORMAL
62.1,732.6,5.0,3.3,0.1,6.3e-05,-64.05,-64,False,0,OK,NORMAL
62.2,737.68,5.0,3.3,0.1,1.3e-05,-77.99,-78,False,0,OK,NORMAL
62.3,742.8,5.0,3.3,0.1,3.8e-05,-68.49,-68,False,0,OK,NORMAL
62.4,747.95,5.0,3.3,0.1,1.2e-05,-78.29,-78,False,0,OK,NORMAL
62.5,753.14,5.0,3.3,0.1,3.9e-05,-68.08,-68,False,0,OK,NORMAL
62.6,758.37,5.0,3.3,0.1,3.4e-05,-69.4,-69,False,0,OK,NORMAL
62.7,763.63,5.0,3.3,0.1,3.1e-05,-70.27,-70,False,0,OK,NORMAL
62.8,768.93,5.0,3.3,0.1,7e-05,-63.14,-63,False,0,OK,NORMAL
62.9,774.26,5.0,3.3,0.1,1.7e-05,-75.45,-75,False,0,OK,NORMAL
63.0,779.64,5.0,3.3,0.1,4.5e-05,-66.9,-67,False,0,OK,NORMAL
63.1,785.05,5.0,3.3,0.1,8e-05,-61.9,-62,False,0,OK,NORMAL
63.2,790.49,5.0,3.3,0.1,8e-06,-81.49,-81,False,0,OK,NORMAL
63.3,795.98,5.0,3.3,0.1,9.9e-05,-60.05,-60,False,0,OK,NORMAL
63.4,801.5,5.0,3.3,0.1,0.000233,-52.66,-53,False,0,OK,NORMAL
63.5,807.06,5.0,3.3,0.1,4.5e-05,-66.94,-67,False,0,OK,NORMAL
63.6,812.66,5.0,3.3,0.1,0.000145,-56.77,-57,False,0,OK,NORMAL
63.7,818.3,5.0,3.3,0.1,1.4e-05,-77.03,-77,False,0,OK,NORMAL
63.8,823.98,5.0,3.3,0.1,8.4e-05,-61.54,-62,False,0,OK,NORMAL
63.9,829.7,5.0,3.3,0.1,8.6e-05,-61.35,-61,False,0,OK,NORMAL
64.0,835.45,5.0,3.3,0.1,0.000164,-55.7,-56,False,0,OK,NORMAL
64.1,841.25,5.0,3.3,0.1,0.000145,-56.78,-57,False,0,OK,NORMAL
64.2,847.09,5.0,3.3,0.1,2.4e-05,-72.29,-72,False,0,OK,NORMAL
64.3,852.96,5.0,3.3,0.1,1e-05,-79.76,-80,False,0,OK,NORMAL
64.4,858.88,5.0,3.3,0.1,6.8e-05,-63.37,-63,False,0,OK,NORMAL
64.5,864.84,5.0,3.3,0.1,0.000175,-55.14,-55,False,0,OK,NORMAL
64.6,870.84,5.0,3.3,0.1,8.4e-05,-61.5,-61,False,0,OK,NORMAL
64.7,876.89,5.0,3.3,0.1,5e-06,-85.46,-85,False,0,OK,NORMAL
64.8,882.97,5.0,3.3,0.1,2e-05,-73.82,-74,False,0,OK,NORMAL
64.9,889.1,5.0,3.3,0.1,4e-06,-88.64,-89,False,0,OK,NORMAL
65.0,895.27,5.0,3.3,0.1,1e-05,-79.94,-80,False,0,OK,NORMAL
65.1,901.48,5.0,3.3,0.1,2.5e-05,-72.0,-72,False,0,OK,NORMAL
65.2,907.73,5.0,3.3,0.1,9.7e-05,-60.31,-60,False,0,OK,NORMAL
65.3,914.03,5.0,3.3,0.1,4e-06,-88.04,-88,False,0,OK,NORMAL
65.4,920.37,5.0,3.3,0.1,5.1e-05,-65.82,-66,False,0,OK,NORMAL
65.5,926.76,5.0,3.3,0.1,6e-06,-83.77,-84,False,0,OK,NORMAL
65.6,933.19,5.0,3.3,0.1,3.5e-05,-69.2,-69,False,0,OK,NORMAL
65.7,939.66,5.0,3.3,0.1,1.7e-05,-75.25,-75,False,0,OK,NORMAL
65.8,946.18,5.0,3.3,0.1,3.1e-05,-70.17,-70,False,0,OK,NORMAL
65.9,952.75,5.0,3.3,0.1,1.4e-05,-76.85,-77,False,0,OK,NORMAL
66.0,959.36,5.0,3.3,0.1,6.1e-05,-64.34,-64,False,0,OK,NORMAL
66.1,966.02,5.0,3.3,0.1,2e-06,-94.79,-95,False,0,OK,NORMAL
66.2,972.72,5.0,3.3,0.1,2e-05,-74.13,-74,False,0,OK,NORMAL
66.3,979.47,5.0,3.3,0.1,3.1e-05,-70.21,-70,False,0,OK,NORMAL
66.4,986.27,5.0,3.3,0.1,0.000301,-50.42,-50,False,0,OK,NORMAL
66.5,993.11,5.0,3.3,0.1,5e-06,-86.2,-86,False,0,OK,NORMAL
66.6,1000.0,5.0,3.3,0.1,6.6e-05,-63.62,-64,False,0,OK,NORMAL
66.7,1006.94,5.0,3.3,0.1,1.8e-05,-74.84,-75,False,0,OK,NORMAL
66.8,1013.93,5.0,3.3,0.1,1e-05,-79.68,-80,False,0,OK,NORMAL
66.9,1020.96,5.0,3.3,0.1,8e-06,-82.35,-82,False,0,OK,NORMAL
67.0,1028.04,5.0,3.3,0.1,0.000108,-59.36,-59,False,0,OK,NORMAL
67.1,1035.18,5.0,3.3,0.1,6.4e-05,-63.89,-64,False,0,OK,NORMAL
67.2,1042.36,5.0,3.3,0.1,1.1e-05,-78.79,-79,False,0,OK,NORMAL
67.3,1049.59,5.0,3.3,0.1,4.2e-05,-67.45,-67,False,0,OK,NORMAL
67.4,1056.88,5.0,3.3,0.1,1e-05,-79.91,-80,False,0,OK,NORMAL
67.5,1064.21,5.0,3.3,0.1,6e-06,-84.55,-85,False,0,OK,NORMAL
67.6,1071.59,5.0,3.3,0.1,1.2e-05,-78.55,-79,False,0,OK,NORMAL
67.7,1079.03,5.0,3.3,0.1,7.4e-05,-62.63,-63,False,0,OK,NORMAL
67.8,1086.52,5.0,3.3,0.1,1.9e-05,-74.45,-74,False,0,OK,NORMAL
67.9,1094.05,5.0,3.3,0.1,0.000139,-57.16,-57,False,0,OK,NORMAL
68.0,1101.65,5.0,3.3,0.1,0.000126,-57.97,-58,False,0,OK,NORMAL
68.1,1109.29,5.0,3.3,0.1,0.000119,-58.49,-58,False,0,OK,NORMAL
68.2,1116.99,5.0,3.3,0.1,4e-06,-88.14,-88,False,0,OK,NORMAL
68.3,1124.74,5.0,3.3,0.1,1.5e-05,-76.27,-76,False,0,OK,NORMAL
68.4,1132.54,5.0,3.3,0.1,8.5e-05,-61.44,-61,False,0,OK,NORMAL
68.5,1140.4,5.0,3.3,0.1,6e-06,-83.88,-84,False,0,OK,NORMAL
68.6,1148.31,5.0,3.3,0.1,3.8e-05,-68.46,-68,False,0,OK,NORMAL
68.7,1156.28,5.0,3.3,0.1,1.6e-05,-75.81,-76,False,0,OK,NORMAL
68.8,1164.3,5.0,3.3,0.1,1.4e-05,-76.91,-77,False,0,OK,NORMAL
68.9,1172.38,5.0,3.3,0.1,2e-06,-92.52,-93,False,0,OK,NORMAL
69.0,1180.52,5.0,3.3,0.1,1.7e-05,-75.2,-75,False,0,OK,NORMAL
69.1,1188.71,5.0,3.3,0.1,1.6e-05,-75.95,-76,False,0,OK,NORMAL
69.2,1196.96,5.0,3.3,0.1,8.2e-05,-61.7,-62,False,0,OK,NORMAL
69.3,1205.26,5.0,3.3,0.1,4e-06,-86.95,-87,False,0,OK,NORMAL
69.4,1213.62,5.0,3.3,0.1,3.1e-05,-70.27,-70,False,0,OK,NORMAL
69.5,1222.04,5.0,3.3,0.1,2.2e-05,-73.03,-73,False,0,OK,NORMAL
69.6,1230.52,5.0,3.3,0.1,8.9e-05,-61.05,-61,False,0,OK,NORMAL
69.7,1239.06,5.0,3.3,0.1,5.1e-05,-65.83,-66,False,0,OK,NORMAL
69.8,1247.66,5.0,3.3,0.1,2.3e-05,-72.69,-73,False,0,OK,NORMAL
69.9,1256.32,5.0,3.3,0.1,1.6e-05,-75.73,-76,False,0,OK,NORMAL
70.0,1265.03,5.0,3.3,0.1,5.1e-05,-65.77,-66,False,0,OK,NORMAL
70.1,1273.81,5.0,3.3,0.1,4e-06,-88.66,-89,False,0,OK,NORMAL
70.2,1282.65,5.0,3.3,0.1,3.9e-05,-68.15,-68,False,0,OK,NORMAL
70.3,1291.55,5.0,3.3,0.1,0.000109,-59.22,-59,False,0,OK,NORMAL
70.4,1300.51,5.0,3.3,0.1,3.4e-05,-69.31,-69,False,0,OK,NORMAL
70.5,1309.54,5.0,3.3,0.1,2.2e-05,-73.07,-73,False,0,OK,NORMAL
70.6,1318.62,5.0,3.3,0.1,2e-05,-74.08,-74,False,0,OK,NORMAL
70.7,1327.77,5.0,3.3,0.1,1e-06,-98.55,-99,False,0,OK,NORMAL
70.8,1336.98,5.0,3.3,0.1,0.000325,-49.75,-50,False,0,OK,NORMAL
70.9,1346.26,5.0,3.3,0.1,1e-06,-97.94,-98,False,0,OK,NORMAL
71.0,1355.6,5.0,3.3,0.1,1.8e-05,-74.78,-75,False,0,OK,NORMAL
71.1,1365.01,5.0,3.3,0.1,2.4e-05,-72.41,-72,False,0,OK,NORMAL
71.2,1374.48,5.0,3.3,0.1,7e-06,-82.51,-83,False,0,OK,NORMAL
71.3,1384.02,5.0,3.3,0.1,5.4e-05,-65.28,-65,False,0,OK,NORMAL
71.4,1393.62,5.0,3.3,0.1,8.9e-05,-61.03,-61,False,0,OK,NORMAL
71.5,1403.29,5.0,3.3,0.1,1e-05,-79.74,-80,False,0,OK,NORMAL
71.6,1413.03,5.0,3.3,0.1,1.2e-05,-78.63,-79,False,0,OK,NORMAL
71.7,1422.83,5.0,3.3,0.1,1.2e-05,-78.78,-79,False,0,OK,NORMAL
71.8,1432.7,5.0,3.3,0.1,5e-06,-85.52,-86,False,0,OK,NORMAL
71.9,1442.64,5.0,3.3,0.1,3e-06,-90.97,-91,False,0,OK,NORMAL
72.0,1452.65,5.0,3.3,0.1,9e-06,-81.37,-81,False,0,OK,NORMAL
72.1,1462.73,5.0,3.3,0.1,1e-05,-79.81,-80,False,0,OK,NORMAL
72.2,1472.88,5.0,3.3,0.1,2.1e-05,-73.7,-74,False,0,OK,NORMAL
72.3,1483.1,5.0,3.3,0.1,1.7e-05,-75.6,-76,False,0,OK,NORMAL
72.4,1493.39,5.0,3.3,0.1,3e-05,-70.55,-71,False,0,OK,NORMAL
72.5,1503.76,5.0,3.3,0.1,0.000166,-55.59,-56,False,0,OK,NORMAL
72.6,1514.19,5.0,3.3,0.1,2.1e-05,-73.62,-74,False,0,OK,NORMAL
72.7,1524.7,5.0,3.3,0.1,4e-06,-87.0,-87,False,0,OK,NORMAL
72.8,1535.28,5.0,3.3,0.1,2.5e-05,-71.92,-72,False,0,OK,NORMAL
72.9,1545.93,5.0,3.3,0.1,2e-06,-95.24,-95,False,0,OK,NORMAL
73.0,1556.65,5.0,3.3,0.1,1.5e-05,-76.55,-77,False,0,OK,NORMAL
73.1,1567.46,5.0,3.3,0.1,1.4e-05,-76.79,-77,False,0,OK,NORMAL
73.2,1578.33,5.0,3.3,0.1,4.1e-05,-67.71,-68,False,0,OK,NORMAL
73.3,1589.28,5.0,3.3,0.1,5e-06,-86.62,-87,False,0,OK,NORMAL
73.4,1600.31,5.0,3.3,0.1,4.1e-05,-67.75,-68,False,0,OK,NORMAL
73.5,1611.41,5.0,3.3,0.1,2.1e-05,-73.38,-73,False,0,OK,NORMAL
73.6,1622.6,5.0,3.3,0.1,1e-05,-80.16,-80,False,0,OK,NORMAL
73.7,1633.85,5.0,3.3,0.1,3.5e-05,-69.17,-69,False,0,OK,NORMAL
73.8,1645.19,5.0,3.3,0.1,3.8e-05,-68.48,-68,False,0,OK,NORMAL
73.9,1656.61,5.0,3.3,0.1,1.8e-05,-74.8,-75,False,0,OK,NORMAL
74.0,1668.1,5.0,3.3,0.1,4.4e-05,-67.04,-67,False,0,OK,NORMAL
74.1,1679.67,5.0,3.3,0.1,2.7e-05,-71.47,-71,False,0,OK,NORMAL
74.2,1691.33,5.0,3.3,0.1,2.4e-05,-72.57,-73,False,0,OK,NORMAL
74.3,1703.07,5.0,3.3,0.1,6.6e-05,-63.64,-64,False,0,OK,NORMAL
74.4,1714.88,5.0,3.3,0.1,1.2e-05,-78.39,-78,False,0,OK,NORMAL
74.5,1726.78,5.0,3.3,0.1,1e-05,-80.25,-80,False,0,OK,NORMAL
74.6,1738.76,5.0,3.3,0.1,4e-06,-88.66,-89,False,0,OK,NORMAL
74.7,1750.83,5.0,3.3,0.1,6.3e-05,-64.0,-64,False,0,OK,NORMAL
74.8,1762.98,5.0,3.3,0.1,5e-06,-86.52,-87,False,0,OK,NORMAL
74.9,1775.21,5.0,3.3,0.1,2.2e-05,-73.1,-73,False,0,OK,NORMAL
75.0,1787.53,5.0,3.3,0.1,7.3e-05,-62.71,-63,False,0,OK,NORMAL
75.1,1799.93,5.0,3.3,0.1,0.00019,-54.42,-54,False,0,OK,NORMAL
75.2,1812.42,5.0,3.3,0.1,8.3e-05,-61.63,-62,False,0,OK,NORMAL
75.3,1824.99,5.0,3.3,0.1,0.000154,-56.25,-56,False,0,OK,NORMAL
75.4,1837.66,5.0,3.3,0.1,1.2e-05,-78.23,-78,False,0,OK,NORMAL
75.5,1850.41,5.0,3.3,0.1,3e-06,-90.92,-91,False,0,OK,NORMAL
75.6,1863.25,5.0,3.3,0.1,2.6e-05,-71.65,-72,False,0,OK,NORMAL
75.7,1876.17,5.0,3.3,0.1,4e-06,-87.94,-88,False,0,OK,NORMAL
75.8,1889.19,5.0,3.3,0.1,2.2e-05,-73.0,-73,False,0,OK,NORMAL
75.9,1902.3,5.0,3.3,0.1,1.3e-05,-77.86,-78,False,0,OK,NORMAL
76.0,1915.5,5.0,3.3,0.1,1.2e-05,-78.57,-79,False,0,OK,NORMAL
76.1,1928.79,5.0,3.3,0.1,0.000323,-49.82,-50,False,0,OK,NORMAL
76.2,1942.17,5.0,3.3,0.1,6e-06,-84.77,-85,False,0,OK,NORMAL
76.3,1955.65,5.0,3.3,0.1,5e-06,-85.38,-85,False,0,OK,NORMAL
76.4,1969.22,5.0,3.3,0.1,9e-05,-60.88,-61,False,0,OK,NORMAL
76.5,1982.88,5.0,3.3,0.1,2e-06,-94.3,-94,False,0,OK,NORMAL
76.6,1996.64,5.0,3.3,0.1,3.7e-05,-68.58,-69,False,0,OK,NORMAL
76.7,2010.5,5.0,3.3,0.1,9e-06,-80.63,-81,False,0,OK,NORMAL
76.8,2024.45,5.0,3.3,0.1,6.9e-05,-63.16,-63,False,0,OK,NORMAL
76.9,2038.49,5.0,3.3,0.1,2e-06,-94.36,-94,False,0,OK,NORMAL
77.0,2052.64,5.0,3.3,0.1,1.4e-05,-77.17,-77,False,0,OK,NORMAL
77.1,2066.88,5.0,3.3,0.1,3.7e-05,-68.54,-69,False,0,OK,NORMAL
77.2,2081.22,5.0,3.3,0.1,1.5e-05,-76.51,-77,False,0,OK,NORMAL
77.3,2095.66,5.0,3.3,0.1,3.1e-05,-70.17,-70,False,0,OK,NORMAL
77.4,2110.2,5.0,3.3,0.1,8e-06,-81.77,-82,False,0,OK,NORMAL
77.5,2124.85,5.0,3.3,0.1,8e-06,-81.86,-82,False,0,OK,NORMAL
77.6,2139.59,5.0,3.3,0.1,6.8e-05,-63.39,-63,False,0,OK,NORMAL
77.7,2154.43,5.0,3.3,0.1,5.9e-05,-64.57,-65,False,0,OK,NORMAL
77.8,2169.38,5.0,3.3,0.1,7.1e-05,-62.92,-63,False,0,OK,NORMAL
77.9,2184.44,5.0,3.3,0.1,2.9e-05,-70.73,-71,False,0,OK,NORMAL
78.0,2199.59,5.0,3.3,0.1,6.7e-05,-63.42,-63,False,0,OK,NORMAL
78.1,2214.86,5.0,3.3,0.1,8.2e-05,-61.7,-62,False,0,OK,NORMAL
78.2,2230.22,5.0,3.3,0.1,7.1e-05,-63.03,-63,False,0,OK,NORMAL
78.3,2245.7,5.0,3.3,0.1,1.2e-05,-78.34,-78,False,0,OK,NORMAL
78.4,2261.28,5.0,3.3,0.1,0.000199,-54.04,-54,False,0,OK,NORMAL
78.5,2276.97,5.0,3.3,0.1,3e-06,-90.41,-90,False,0,OK,NORMAL
78.6,2292.77,5.0,3.3,0.1,7e-06,-83.24,-83,False,0,OK,NORMAL
78.7,2308.68,5.0,3.3,0.1,4e-06,-87.54,-88,False,0,OK,NORMAL
78.8,2324.7,5.0,3.3,0.1,5e-06,-85.8,-86,False,0,OK,NORMAL
78.9,2340.83,5.0,3.3,0.1,8e-06,-81.87,-82,False,0,OK,NORMAL
79.0,2357.07,5.0,3.3,0.1,2.4e-05,-72.55,-73,False,0,OK,NORMAL
79.1,2373.42,5.0,3.3,0.1,1e-06,-99.02,-99,False,0,OK,NORMAL
79.2,2389.89,5.0,3.3,0.1,1e-05,-80.41,-80,False,0,OK,NORMAL
79.3,2406.48,5.0,3.3,0.1,5.4e-05,-65.27,-65,False,0,OK,NORMAL
79.4,2423.17,5.0,3.3,0.1,9.1e-05,-60.8,-61,False,0,OK,NORMAL
79.5,2439.99,5.0,3.3,0.1,8e-06,-81.75,-82,False,0,OK,NORMAL
79.6,2456.92,5.0,3.3,0.1,2e-06,-93.18,-93,False,0,OK,NORMAL
79.7,2473.96,5.0,3.3,0.1,2e-06,-96.21,-96,False,0,OK,NORMAL
79.8,2491.13,5.0,3.3,0.1,2e-06,-95.26,-95,False,0,OK,NORMAL
79.9,2508.42,5.0,3.3,0.1,1e-06,-97.64,-98,False,0,OK,NORMAL
80.0,2525.82,5.0,3.3,0.1,5.6e-05,-65.01,-65,False,0,OK,NORMAL
80.1,2543.35,5.0,3.3,0.1,1.3e-05,-77.94,-78,False,0,OK,NORMAL
80.2,2560.99,5.0,3.3,0.1,3.5e-05,-69.18,-69,False,0,OK,NORMAL
80.3,2578.76,5.0,3.3,0.1,6e-06,-84.18,-84,False,0,OK,NORMAL
80.4,2596.66,5.0,3.3,0.1,1.3e-05,-78.0,-78,False,0,OK,NORMAL
80.5,2614.67,5.0,3.3,0.1,2.4e-05,-72.44,-72,False,0,OK,NORMAL
80.6,2632.82,5.0,3.3,0.1,1.3e-05,-77.51,-78,False,0,OK,NORMAL
80.7,2651.08,5.0,3.3,0.1,1.6e-05,-76.12,-76,False,0,OK,NORMAL
80.8,2669.48,5.0,3.3,0.1,9e-06,-80.46,-80,False,0,OK,NORMAL
80.9,2688.0,5.0,3.3,0.1,9.4e-05,-60.57,-61,False,0,OK,NORMAL
81.0,2706.65,5.0,3.3,0.1,2e-06,-94.27,-94,False,0,OK,NORMAL
81.1,2725.43,5.0,3.3,0.1,1.2e-05,-78.71,-79,False,0,OK,NORMAL
81.2,2744.34,5.0,3.3,0.1,5e-06,-86.66,-87,False,0,OK,NORMAL
81.3,2763.39,5.0,3.3,0.1,0.000189,-54.48,-54,False,0,OK,NORMAL
81.4,2782.56,5.0,3.3,0.1,8e-06,-82.07,-82,False,0,OK,NORMAL
81.5,2801.87,5.0,3.3,0.1,0.000378,-48.46,-48,False,0,OK,NORMAL
81.6,2821.31,5.0,3.3,0.1,6e-06,-84.23,-84,False,0,OK,NORMAL
81.7,2840.88,5.0,3.3,0.1,5e-06,-86.42,-86,False,0,OK,NORMAL
81.8,2860.6,5.0,3.3,0.1,9e-06,-81.38,-81,False,0,OK,NORMAL
81.9,2880.44,5.0,3.3,0.1,1.8e-05,-74.69,-75,False,0,OK,NORMAL
82.0,2900.43,5.0,3.3,0.1,8e-06,-81.75,-82,False,0,OK,NORMAL
82.1,2920.56,5.0,3.3,0.1,5e-06,-86.45,-86,False,0,OK,NORMAL
82.2,2940.82,5.0,3.3,0.1,6e-06,-84.97,-85,False,0,OK,NORMAL
82.3,2961.23,5.0,3.3,0.1,4e-06,-87.31,-87,False,0,OK,NORMAL
82.4,2981.77,5.0,3.3,0.1,1.6e-05,-75.98,-76,False,0,OK,NORMAL
82.5,3002.46,5.0,3.3,0.1,1.4e-05,-77.31,-77,False,0,OK,NORMAL
82.6,3023.29,5.0,3.3,0.1,5e-06,-86.53,-87,False,0,OK,NORMAL
82.7,3044.27,5.0,3.3,0.1,8e-06,-81.52,-82,False,0,OK,NORMAL
82.8,3065.4,5.0,3.3,0.1,2e-05,-74.03,-74,False,0,OK,NORMAL
82.9,3086.66,5.0,3.3,0.1,1e-05,-80.41,-80,False,0,OK,NORMAL
83.0,3108.08,5.0,3.3,0.1,5e-06,-86.01,-86,False,0,OK,NORMAL
83.1,3129.65,5.0,3.3,0.1,1.4e-05,-77.15,-77,False,0,OK,NORMAL
83.2,3151.36,5.0,3.3,0.1,2.4e-05,-72.36,-72,False,0,OK,NORMAL
83.3,3173.23,5.0,3.3,0.1,3.4e-05,-69.3,-69,False,0,OK,NORMAL
83.4,3195.25,5.0,3.3,0.1,1.5e-05,-76.49,-76,False,0,OK,NORMAL
83.5,3217.42,5.0,3.3,0.1,6e-06,-84.42,-84,False,0,OK,NORMAL
83.6,3239.74,5.0,3.3,0.1,7e-06,-82.99,-83,False,0,OK,NORMAL
83.7,3262.22,5.0,3.3,0.1,4e-05,-68.05,-68,False,0,OK,NORMAL
83.8,3284.86,5.0,3.3,0.1,6.8e-05,-63.37,-63,False,0,OK,NORMAL
83.9,3307.65,5.0,3.3,0.1,2.3e-05,-72.94,-73,False,0,OK,NORMAL
84.0,3330.6,5.0,3.3,0.1,1.9e-05,-74.44,-74,False,0,OK,NORMAL
84.1,3353.71,5.0,3.3,0.1,4e-06,-87.66,-88,False,0,OK,NORMAL
84.2,3376.98,5.0,3.3,0.1,3e-06,-91.4,-91,False,0,OK,NORMAL
84.3,3400.41,5.0,3.3,0.1,1e-06,-99.86,-100,False,0,OK,NORMAL
84.4,3424.01,5.0,3.3,0.1,7e-06,-83.32,-83,False,0,OK,NORMAL
84.5,3447.76,5.0,3.3,0.1,7e-06,-83.2,-83,False,0,OK,NORMAL
84.6,3471.69,5.0,3.3,0.1,1.1e-05,-79.45,-79,False,0,OK,NORMAL
84.7,3495.78,5.0,3.3,0.1,6.7e-05,-63.53,-64,False,0,OK,NORMAL
84.8,3520.03,5.0,3.3,0.1,1e-06,-99.51,-100,False,0,OK,NORMAL
84.9,3544.46,5.0,3.3,0.1,9e-06,-81.4,-81,False,0,OK,NORMAL
85.0,3569.05,5.0,3.3,0.1,3e-06,-89.13,-89,False,0,OK,NORMAL
85.1,3593.81,5.0,3.3,0.1,6e-06,-84.94,-85,False,0,OK,NORMAL
85.2,3618.75,5.0,3.3,0.1,1.4e-05,-77.2,-77,False,0,OK,NORMAL
85.3,3643.86,5.0,3.3,0.1,3e-06,-91.73,-92,False,0,OK,NORMAL
85.4,3669.14,5.0,3.3,0.1,5e-06,-86.12,-86,False,0,OK,NORMAL
85.5,3694.6,5.0,3.3,0.1,1.5e-05,-76.25,-76,False,0,OK,NORMAL
85.6,3720.24,5.0,3.3,0.1,1.2e-05,-78.67,-79,False,0,OK,NORMAL
85.7,3746.05,5.0,3.3,0.1,3e-05,-70.6,-71,False,0,OK,NORMAL
85.8,3772.04,5.0,3.3,0.1,1.8e-05,-75.07,-75,False,0,OK,NORMAL
85.9,3798.22,5.0,3.3,0.1,3.2e-05,-69.82,-70,False,0,OK,NORMAL
86.0,3824.57,5.0,3.3,0.1,8e-06,-81.49,-81,False,0,OK,NORMAL
86.1,3851.11,5.0,3.3,0.1,6e-06,-84.74,-85,False,0,OK,NORMAL
86.2,3877.83,5.0,3.3,0.1,1.5e-05,-76.71,-77,False,0,OK,NORMAL
86.3,3904.74,5.0,3.3,0.1,5e-06,-85.67,-86,False,0,OK,NORMAL
86.4,3931.83,5.0,3.3,0.1,1e-06,-96.6,-97,False,0,OK,NORMAL
86.5,3959.11,5.0,3.3,0.1,6e-06,-84.7,-85,False,0,OK,NORMAL
86.6,3986.58,5.0,3.3,0.1,6e-06,-84.96,-85,False,0,OK,NORMAL
86.7,4014.24,5.0,3.3,0.1,2e-06,-92.69,-93,False,0,OK,NORMAL
86.8,4042.1,5.0,3.3,0.1,1.3e-05,-77.61,-78,False,0,OK,NORMAL
86.9,4070.14,5.0,3.3,0.1,8e-06,-82.33,-82,False,0,OK,NORMAL
87.0,4098.38,5.0,3.3,0.1,2e-06,-94.1,-94,False,0,OK,NORMAL
87.1,4126.82,5.0,3.3,0.1,2e-06,-94.02,-94,False,0,OK,NORMAL
87.2,4155.46,5.0,3.3,0.1,2e-06,-92.53,-93,False,0,OK,NORMAL
87.3,4184.29,5.0,3.3,0.1,2.7e-05,-71.25,-71,False,0,OK,NORMAL
87.4,4213.32,5.0,3.3,0.1,2e-06,-92.64,-93,False,0,OK,NORMAL
87.5,4242.56,5.0,3.3,0.1,1e-06,-102.13,-102,False,0,OK,NORMAL
87.6,4271.99,5.0,3.3,0.1,1.7e-05,-75.4,-75,False,0,OK,NORMAL
87.7,4301.64,5.0,3.3,0.1,1.1e-05,-79.06,-79,False,0,OK,NORMAL
87.8,4331.48,5.0,3.3,0.1,9e-06,-80.96,-81,False,0,OK,NORMAL
87.9,4361.54,5.0,3.3,0.1,1.2e-05,-78.47,-78,False,0,OK,NORMAL
88.0,4391.8,5.0,3.3,0.1,8e-06,-82.46,-82,False,0,OK,NORMAL
88.1,4422.27,5.0,3.3,0.1,1.4e-05,-77.2,-77,False,0,OK,NORMAL
88.2,4452.96,5.0,3.3,0.1,1.7e-05,-75.26,-75,False,0,OK,NORMAL
88.3,4483.86,5.0,3.3,0.1,1.3e-05,-77.4,-77,False,0,OK,NORMAL
88.4,4514.97,5.0,3.3,0.1,4e-06,-87.33,-87,False,0,OK,NORMAL
88.5,4546.3,5.0,3.3,0.1,1.3e-05,-77.9,-78,False,0,OK,NORMAL
88.6,4577.84,5.0,3.3,0.1,2e-06,-93.7,-94,False,0,OK,NORMAL
88.7,4609.6,5.0,3.3,0.1,7.2e-05,-62.89,-63,False,0,OK,NORMAL
88.8,4641.59,5.0,3.3,0.1,1.1e-05,-79.2,-79,False,0,OK,NORMAL
88.9,4673.8,5.0,3.3,0.1,1.3e-05,-77.94,-78,False,0,OK,NORMAL
89.0,4706.22,5.0,3.3,0.1,6e-06,-84.45,-84,False,0,OK,NORMAL
89.1,4738.88,5.0,3.3,0.1,2.3e-05,-72.88,-73,False,0,OK,NORMAL
89.2,4771.76,5.0,3.3,0.1,3.1e-05,-70.1,-70,False,0,OK,NORMAL
89.3,4804.87,5.0,3.3,0.1,4e-06,-87.81,-88,False,0,OK,NORMAL
89.4,4838.21,5.0,3.3,0.1,3.6e-05,-68.88,-69,False,0,OK,NORMAL
89.5,4871.78,5.0,3.3,0.1,3e-06,-89.2,-89,False,0,OK,NORMAL
89.6,4905.58,5.0,3.3,0.1,5e-06,-85.73,-86,False,0,OK,NORMAL
89.7,4939.62,5.0,3.3,0.1,4e-06,-87.25,-87,False,0,OK,NORMAL
89.8,4973.9,5.0,3.3,0.1,0.0,-109.78,-110,False,0,OK,NORMAL
89.9,5008.41,5.0,3.3,0.1,2e-06,-94.06,-94,False,0,OK,NORMAL
90.0,5043.16,5.0,3.3,0.1,2e-06,-95.51,-96,False,0,OK,NORMAL
90.1,5078.15,5.0,3.3,0.1,1.1e-05,-79.46,-79,False,0,OK,NORMAL
90.2,5113.39,5.0,3.3,0.1,6e-06,-84.07,-84,False,0,OK,NORMAL
90.3,5148.87,5.0,3.3,0.1,4e-06,-89.11,-89,False,0,OK,NORMAL
90.4,5184.59,5.0,3.3,0.1,4e-06,-87.73,-88,False,0,OK,NORMAL
90.5,5220.57,5.0,3.3,0.1,1e-06,-98.94,-99,False,0,OK,NORMAL
90.6,5256.79,5.0,3.3,0.1,8e-06,-81.72,-82,False,0,OK,NORMAL
90.7,5293.27,5.0,3.3,0.1,1e-05,-79.68,-80,False,0,OK,NORMAL
90.8,5329.99,5.0,3.3,0.1,2e-06,-93.42,-93,False,0,OK,NORMAL
90.9,5366.98,5.0,3.3,0.1,3e-06,-91.95,-92,False,0,OK,NORMAL
91.0,5404.22,5.0,3.3,0.1,3e-06,-91.53,-92,False,0,OK,NORMAL
91.1,5441.71,5.0,3.3,0.1,1.3e-05,-77.64,-78,False,0,OK,NORMAL
91.2,5479.47,5.0,3.3,0.1,8e-06,-81.95,-82,False,0,OK,NORMAL
91.3,5517.49,5.0,3.3,0.1,3e-06,-91.49,-91,False,0,OK,NORMAL
91.4,5555.78,5.0,3.3,0.1,3.3e-05,-69.61,-70,False,0,OK,NORMAL
91.5,5594.33,5.0,3.3,0.1,1e-06,-99.97,-100,False,0,OK,NORMAL
91.6,5633.14,5.0,3.3,0.1,2.4e-05,-72.51,-73,False,0,OK,NORMAL
91.7,5672.23,5.0,3.3,0.1,2e-06,-92.63,-93,False,0,OK,NORMAL
91.8,5711.59,5.0,3.3,0.1,4e-06,-87.85,-88,False,0,OK,NORMAL
91.9,5751.22,5.0,3.3,0.1,1e-05,-79.63,-80,False,0,OK,NORMAL
92.0,5791.12,5.0,3.3,0.1,4e-06,-88.47,-88,False,0,OK,NORMAL
92.1,5831.31,5.0,3.3,0.1,3.3e-05,-69.7,-70,False,0,OK,NORMAL
92.2,5871.77,5.0,3.3,0.1,1e-06,-99.22,-99,False,0,OK,NORMAL
92.3,5912.51,5.0,3.3,0.1,1.1e-05,-78.91,-79,False,0,OK,NORMAL
92.4,5953.53,5.0,3.3,0.1,1e-06,-100.8,-101,False,0,OK,NORMAL
92.5,5994.84,5.0,3.3,0.1,1e-06,-100.34,-100,False,0,OK,NORMAL
92.6,6036.44,5.0,3.3,0.1,3e-06,-91.09,-91,False,0,OK,NORMAL
92.7,6078.32,5.0,3.3,0.1,4e-06,-87.93,-88,False,0,OK,NORMAL
92.8,6120.5,5.0,3.3,0.1,1e-06,-96.92,-97,False,0,OK,NORMAL
92.9,6162.97,5.0,3.3,0.1,4e-06,-87.71,-88,False,0,OK,NORMAL
93.0,6205.73,5.0,3.3,0.1,2e-06,-93.73,-94,False,0,OK,NORMAL
93.1,6248.79,5.0,3.3,0.1,3e-06,-90.63,-91,False,0,OK,NORMAL
93.2,6292.15,5.0,3.3,0.1,0.0,-110.32,-110,False,0,OK,NORMAL
93.3,6335.8,5.0,3.3,0.1,4e-06,-87.34,-87,False,0,OK,NORMAL
93.4,6379.77,5.0,3.3,0.1,3.7e-05,-68.63,-69,False,0,OK,NORMAL
93.5,6424.03,5.0,3.3,0.1,5e-06,-86.46,-86,False,0,OK,NORMAL
93.6,6468.61,5.0,3.3,0.1,2e-06,-95.09,-95,False,0,OK,NORMAL
93.7,6513.49,5.0,3.3,0.1,2e-06,-93.2,-93,False,0,OK,NORMAL
93.8,6558.69,5.0,3.3,0.1,3e-06,-90.94,-91,False,0,OK,NORMAL
93.9,6604.19,5.0,3.3,0.1,7e-06,-83.34,-83,False,0,OK,NORMAL
94.0,6650.02,5.0,3.3,0.1,1e-05,-79.9,-80,False,0,OK,NORMAL
94.1,6696.16,5.0,3.3,0.1,9e-06,-81.39,-81,False,0,OK,NORMAL
94.2,6742.62,5.0,3.3,0.1,5e-06,-85.64,-86,False,0,OK,NORMAL
94.3,6789.41,5.0,3.3,0.1,1.5e-05,-76.51,-77,False,0,OK,NORMAL
94.4,6836.52,5.0,3.3,0.1,1.7e-05,-75.38,-75,False,0,OK,NORMAL
94.5,6883.95,5.0,3.3,0.1,0.0,-109.09,-109,False,0,OK,NORMAL
94.6,6931.72,5.0,3.3,0.1,1.4e-05,-76.8,-77,False,0,OK,NORMAL
94.7,6979.81,5.0,3.3,0.1,2e-06,-92.09,-92,False,0,OK,NORMAL
94.8,7028.24,5.0,3.3,0.1,2.3e-05,-72.59,-73,False,0,OK,NORMAL
94.9,7077.01,5.0,3.3,0.1,1.8e-05,-74.8,-75,False,0,OK,NORMAL
95.0,7126.12,5.0,3.3,0.1,3e-06,-89.61,-90,False,0,OK,NORMAL
95.1,7175.56,5.0,3.3,0.1,4e-06,-87.89,-88,False,0,OK,NORMAL
95.2,7225.35,5.0,3.3,0.1,1e-06,-97.27,-97,False,0,OK,NORMAL
95.3,7275.48,5.0,3.3,0.1,1e-06,-100.67,-101,False,0,OK,NORMAL
95.4,7325.97,5.0,3.3,0.1,2.6e-05,-71.83,-72,False,0,OK,NORMAL
95.5,7376.8,5.0,3.3,0.1,4e-06,-88.38,-88,False,0,OK,NORMAL
95.6,7427.98,5.0,3.3,0.1,3.7e-05,-68.59,-69,False,0,OK,NORMAL
95.7,7479.52,5.0,3.3,0.1,1e-06,-98.67,-99,False,0,OK,NORMAL
95.8,7531.42,5.0,3.3,0.1,1e-06,-103.93,-104,False,0,OK,NORMAL
95.9,7583.68,5.0,3.3,0.1,6e-06,-83.82,-84,False,0,OK,NORMAL
96.0,7636.3,5.0,3.3,0.1,6e-06,-85.15,-85,False,0,OK,NORMAL
96.1,7689.28,5.0,3.3,0.1,1e-06,-103.18,-103,False,0,OK,NORMAL
96.2,7742.64,5.0,3.3,0.1,9e-06,-80.83,-81,False,0,OK,NORMAL
96.3,7796.36,5.0,3.3,0.1,1e-06,-101.14,-101,False,0,OK,NORMAL
96.4,7850.46,5.0,3.3,0.1,3e-06,-91.19,-91,False,0,OK,NORMAL
96.5,7904.93,5.0,3.3,0.1,1e-06,-97.97,-98,False,0,OK,NORMAL
96.6,7959.78,5.0,3.3,0.1,5e-06,-85.45,-85,False,0,OK,NORMAL
96.7,8015.01,5.0,3.3,0.1,4e-06,-87.46,-87,False,0,OK,NORMAL
96.8,8070.62,5.0,3.3,0.1,1.8e-05,-74.74,-75,False,0,OK,NORMAL
96.9,8126.62,5.0,3.3,0.1,0.0,-106.19,-106,False,0,OK,NORMAL
97.0,8183.01,5.0,3.3,0.1,5.3e-05,-65.5,-65,False,0,OK,NORMAL
97.1,8239.79,5.0,3.3,0.1,1.7e-05,-75.55,-76,False,0,OK,NORMAL
97.2,8296.96,5.0,3.3,0.1,3e-06,-91.46,-91,False,0,OK,NORMAL
97.3,8354.53,5.0,3.3,0.1,3e-06,-89.23,-89,False,0,OK,NORMAL
97.4,8412.5,5.0,3.3,0.1,2e-06,-95.55,-96,False,0,OK,NORMAL
97.5,8470.87,5.0,3.3,0.1,1.4e-05,-77.27,-77,False,0,OK,NORMAL
97.6,8529.64,5.0,3.3,0.1,5e-06,-85.69,-86,False,0,OK,NORMAL
97.7,8588.83,5.0,3.3,0.1,2e-06,-95.73,-96,False,0,OK,NORMAL
97.8,8648.42,5.0,3.3,0.1,6e-06,-84.75,-85,False,0,OK,NORMAL
97.9,8708.43,5.0,3.3,0.1,5e-06,-85.49,-85,False,0,OK,NORMAL
98.0,8768.86,5.0,3.3,0.1,4e-06,-88.76,-89,False,0,OK,NORMAL
98.1,8829.7,5.0,3.3,0.1,6e-06,-85.03,-85,False,0,OK,NORMAL
98.2,8890.97,5.0,3.3,0.1,2e-06,-94.1,-94,False,0,OK,NORMAL
98.3,8952.66,5.0,3.3,0.1,5e-06,-85.88,-86,False,0,OK,NORMAL
98.4,9014.78,5.0,3.3,0.1,8e-06,-81.64,-82,False,0,OK,NORMAL
98.5,9077.33,5.0,3.3,0.1,2e-06,-92.68,-93,False,0,OK,NORMAL
98.6,9140.31,5.0,3.3,0.1,8e-06,-81.78,-82,False,0,OK,NORMAL
98.7,9203.73,5.0,3.3,0.1,1e-06,-99.8,-100,False,0,OK,NORMAL
98.8,9267.59,5.0,3.3,0.1,4e-06,-87.74,-88,False,0,OK,NORMAL
98.9,9331.9,5.0,3.3,0.1,2.5e-05,-72.16,-72,False,0,OK,NORMAL
99.0,9396.65,5.0,3.3,0.1,4e-06,-89.06,-89,False,0,OK,NORMAL
99.1,9461.85,5.0,3.3,0.1,1e-06,-105.3,-105,False,0,OK,NORMAL
99.2,9527.5,5.0,3.3,0.1,2.7e-05,-71.45,-71,False,0,OK,NORMAL
99.3,9593.61,5.0,3.3,0.1,3e-06,-90.28,-90,False,0,OK,NORMAL
99.4,9660.17,5.0,3.3,0.1,3e-06,-89.64,-90,False,0,OK,NORMAL
99.5,9727.2,5.0,3.3,0.1,5e-06,-86.58,-87,False,0,OK,NORMAL
99.6,9794.7,5.0,3.3,0.1,5.3e-05,-65.55,-66,False,0,OK,NORMAL
99.7,9862.66,5.0,3.3,0.1,9e-06,-80.86,-81,False,0,OK,NORMAL
99.8,9931.09,5.0,3.3,0.1,1e-06,-102.6,-103,False,0,OK,NORMAL
99.9,10000.0,5.0,3.3,0.1,1e-06,-101.37,-101,False,0,OK,NORMAL
